순위,업소명,주소,분류,검색량
1,비아조,부산 강서구 식만로 164-0,카페/찻집,29534
2,스타벅스명지강변DT점,부산 강서구 르노삼성대로 620-0,카페/찻집,26209
3,토북베이커리강서점,부산 강서구 낙동남로 526-1,간이음식,24025
4,맥도날드부산명지DT점,부산 강서구 명지국제8로 272-0,간이음식,23405
5,구디너프,부산 강서구 가덕해안로1169번길 28-0,카페/찻집,14167
6,카페오플로우,부산 강서구 가락대로 1206-0,카페/찻집,13659
7,카페진목,부산 강서구 명지새동네길2번길 56-3,카페/찻집,11965
8,록산,부산 강서구 화전산업대로 272-43,카페/찻집,10879
9,영진돼지국밥,부산 강서구 명지오션시티8로 31-0,한식,10056
10,이프리오,부산 강서구 범방4로 32-0,카페/찻집,9137
11,버거킹부산명지DT점,부산 강서구 명지국제6로 218-0,간이음식,9129
12,쿠우쿠우프리미엄명지직영점,부산 강서구 명지오션시티11로 66-0,전문음식,9079
13,장룡수산본점,부산 강서구 낙동남로 749-0,전문음식,8799
14,소희네집,부산 강서구 가덕해안로1208번길 2-12,전문음식,8768
15,어라우즈로스터리,부산 강서구 르노삼성대로 630-0,카페/찻집,8717
16,명지첫집국제신도시점,부산 강서구 명지국제6로232번길 18-0,전문음식,8498
17,앙로고택,부산 강서구 식만로 122-0,카페/찻집,8230
18,다온나루,부산 강서구 범방3로46번길 21-0,카페/찻집,8143
19,오리한상,부산 강서구 명지국제9로 66-0,전문음식,7862
20,월남면반,부산 강서구 명지국제6로302번길 19-3,외국식,6733
21,그랜드하브,부산 강서구 가덕해안로 924-0,카페/찻집,6574
22,신호활어회센터,부산 강서구 신호산단1로 60-0,전문음식,6481
23,용장어요리전문점,부산 강서구 낙동남로682번길 94-0,전문음식,6369
24,만호갈미샤브샤브,부산 강서구 르노삼성대로 602-0,전문음식,5992
25,테라비본점,부산 강서구 명지국제8로10번길 16-0,전문음식,5808
26,스타벅스명지오션시티점,부산 강서구 명지오션시티11로 66-0,카페/찻집,5582
27,낙동강오리알본점,부산 강서구 상덕로 35-1,전문음식,5540
28,샤브20부산명지점,부산 강서구 명지국제8로 19-0,전문음식,5514
29,대저할매국수,부산 강서구 대저중앙로 337-0,한식,5396
30,코지하우스명지점,부산 강서구 명지국제11로 70-0,전문음식,5208
31,푸디 1354,부산 강서구 가락대로 1354-0,한식,5168
32,스타벅스명지국제신도시점,부산 강서구 명지국제5로 42-0,카페/찻집,5089
33,파스쿠찌부산강서점,부산 강서구 체육공원로6번길 184-0,카페/찻집,5047
34,정원오리촌,부산 강서구 명지오션시티10로 127-0,전문음식,5012
35,투썸플레이스부산가덕도점,부산 강서구 가덕해안로 590-0,카페/찻집,4924
36,포레스트3002,부산 강서구 낙동남로682번길 262-0,카페/찻집,4855
37,그날이후불타는삼겹살,부산 강서구 새진목길11번길 22-0,한식,4823
38,이지요 더파크,부산 강서구 신호산단1로72번길 54-0,카페/찻집,4533
39,브리타니,부산 강서구 가덕해안로 663-0,카페/찻집,4291
40,자갈치왕짬뽕[중식],부산 강서구 공항로447번길 6-0,외국식,4041
41,투썸플레이스부산명지강변점,부산 강서구 명지새동네길2번길 56-0,카페/찻집,3970
41,녹슨드럼통본점,부산 강서구 경전철로 233-2,한식,3970
43,김가네가야밀면,부산 강서구 공항앞길 25-0,한식,3733
44,벨렘351,부산 강서구 대저로299번길 6-0,카페/찻집,3680
45,금빛노을,부산 강서구 둔치강변길 656-0,카페/찻집,3648
46,녹산용가든,부산 강서구 낙동남로682번길 94-0,한식,3530
47,명지첫집오션시티직영점,부산 강서구 명지오션시티11로 74-0,한식,3485
48,하이멍애견카페,부산 강서구 봉림길203번길 119-1,카페/찻집,3482
49,방코,부산 강서구 새진목길 51-0,전문음식,3446
50,로빈뮤지엄,부산 강서구 신호산단1로140번길 71-0,카페/찻집,3337
51,부산조개창고명지점,부산 강서구 명지국제2로28번길 23-0,전문음식,3335
52,봄내멸치쌈밥,부산 강서구 명지오션시티8로 27-0,한식,3218
53,영진돼지국밥신호점,부산 강서구 신호산단2로49번길 48-0,한식,3175
54,박가네순두부,부산 강서구 신호산단1로98번길 91-0,한식,3143
55,영진돼지국밥,부산 강서구 과학산단로 349-0,한식,3141
56,글리제,부산 강서구 가덕해안로 592-0,카페/찻집,3100
57,버거킹김해공항DT점,부산 강서구 공항로 779-0,간이음식,3048
58,대마등,부산 강서구 르노삼성대로 574-0,한식,3034
59,일삼육고기집,부산 강서구 명지국제8로 293-0,한식,3032
60,스타벅스명지퍼스트월드점,부산 강서구 명지국제7로 37-0,카페/찻집,3024
61,투썸플레이스부산대저점,부산 강서구 공항로811번가길 27-1,카페/찻집,3002
62,브런치빈부산명지점,부산 강서구 명지오션시티4로 94-0,카페/찻집,2986
63,낭만송백,부산 강서구 맥도강변길 283-0,카페/찻집,2975
64,토다이U명지점,부산 강서구 명지국제6로 107-0,전문음식,2921
65,할리스부산명지국제신도시점,부산 강서구 명지국제11로 57-0,카페/찻집,2861
66,산골애명지점,부산 강서구 명지오션시티1로 173-0,전문음식,2852
67,챠오샤브,부산 강서구 명지국제2로28번길 23-0,한식,2819
68,우적명지점,부산 강서구 명지국제6로1번가길 6-0,한식,2747
69,룸606,부산 강서구 명지국제6로 316-0,전문음식,2743
70,효돈까스명지국제신도시점,부산 강서구 명지국제6로318번길 38-0,전문음식,2716
71,배말칼국수가덕도점,부산 강서구 가덕해안로 779-0,한식,2699
72,채선당자연한가득부산명지점,부산 강서구 명지국제1로 60-1,전문음식,2672
73,꿈꾸는요리사제과점2호점,부산 강서구 신호산단4로 54-0,간이음식,2650
74,류센소명지점,부산 강서구 명지국제5로148번길 16-1,외국식,2627
75,한그루양과점,부산 강서구 명지국제6로1번길 37-0,카페/찻집,2620
76,로다로지,부산 강서구 명지국제12로19번길 20-10,카페/찻집,2504
77,수차이나[중식],부산 강서구 낙동남로 335-0,외국식,2495
78,동해수산,부산 강서구 신호산단1로72번길 7-0,전문음식,2283
79,스타벅스스타필드명지점,부산 강서구 명지국제6로 168-0,카페/찻집,2266
80,경마장돌짜장[중식],부산 강서구 가락대로900번가길 9-0,외국식,2247
81,팔각도부산명지점,부산 강서구 명지국제6로232번길 13-1,전문음식,2229
82,현풍닭칼국수명지점,부산 강서구 명지국제8로 286-0,한식,2208
83,소고기집박군,부산 강서구 명지국제6로220번길 5-4,한식,2190
84,자담면가,부산 강서구 영강길81번길 10-0,한식,2162
85,하라케이크부산점,부산 강서구 명지국제6로302번길 11-6,간이음식,2134
86,꿈꾸는요리사국제신도시점,부산 강서구 명지국제8로 230-0,간이음식,2131
87,롯데리아명지국제신도시점,부산 강서구 명지국제8로 233-0,간이음식,2125
88,선창갈삼구이,부산 강서구 르노삼성대로 602-0,전문음식,2111
89,수미가칼국수,부산 강서구 영강길 157-0,한식,2110
90,위드렌터카김해공항점,부산 강서구 공항앞길85번길 25-0,카페/찻집,2077
91,만드리곤드레밥,부산 강서구 공항앞길85번길 13-0,한식,2054
92,시장분식,부산 강서구 공항로811번다길 23-19,한식,2047
93,칸웨이명지점 [중식],부산 강서구 명지오션시티4로 84-0,외국식,2039
94,연정김치찌개,부산 강서구 경전철로188번길 75-0,한식,2023
95,동경회관,부산 강서구 신호산단1로72번길 17-0,전문음식,2017
96,금호횟집,부산 강서구 명지새동네길1번길 62-0,전문음식,1975
97,마라도물회,부산 강서구 녹산화전로 283-0,전문음식,1908
98,칠곡보리밥칼국수,부산 강서구 신호산단4로64번길 35-0,한식,1892
99,연경재별채,부산 강서구 가덕해안로 655-0,카페/찻집,1891
100,고집불통토굴속묵은지,부산 강서구 공항앞길 68-0,한식,1866
1,선유도원,부산 금정구 상현로 64-0,카페/찻집,15147
2,모모스커피부산본점,부산 금정구 오시게로 20-0,카페/찻집,14107
3,맥도날드부산구서DT점,부산 금정구 중앙대로 1957-0,간이음식,12290
4,배비장보쌈구서본점,부산 금정구 금정로 239-0,전문음식,10965
5,헤이든신씨어,부산 금정구 산성로 436-0,카페/찻집,10936
6,스타벅스금정남산동DT점,부산 금정구 중앙대로 1989-0,카페/찻집,8669
7,스타벅스금정구청DT점,부산 금정구 중앙대로 1730-0,카페/찻집,8534
8,스타벅스온천장역DT점,부산 금정구 식물원로 13-0,카페/찻집,8415
9,부산갈매기,부산 금정구 체육공원로 565-0,한식,7198
10,포구나무집,부산 금정구 조리2길 13-7,한식,7096
11,압구정한우갈비,부산 금정구 청룡로 61-0,한식,6700
12,톤쇼우,부산 금정구 금강로 247-10,전문음식,5605
13,마파람해물찜해물탕구서본점,부산 금정구 금강로 418-0,한식,5380
14,기와집,부산 금정구 오륜대로 245-0,전문음식,5369
15,초심한우정,부산 금정구 범어천로 11-0,한식,5262
16,경주집,부산 금정구 하마2길 6-0,전문음식,4782
17,베이킹맘큐원성신유통,부산 금정구 공단로 51-0,간이음식,4764
18,얼크니손칼국수,부산 금정구 금강로 752-0,한식,4722
19,할매집,부산 금정구 오륜대로 145-107,한식,4570
20,푸주옥설렁탕도가니탕,부산 금정구 금정로 248-0,한식,4434
21,만서리이가네막국수,부산 금정구 식물원로 27-0,한식,4350
22,더팜471,부산 금정구 하마2길 28-17,카페/찻집,4272
23,KFC부산구서DT점,부산 금정구 중앙대로 1824-0,간이음식,4140
24,버거킹부산금정오일뱅크점,부산 금정구 중앙대로 1664-0,간이음식,4031
25,하동집,부산 금정구 오륜대로 258-0,전문음식,3999
26,투썸플레이스부산금정산성점,부산 금정구 산성로 448-0,카페/찻집,3716
27,우정갈비,부산 금정구 금샘로 353-0,한식,3601
28,리디엔폴,부산 금정구 금샘로 219-0,카페/찻집,3551
29,전원숯불구서점,부산 금정구 금강로 449-0,한식,3500
30,구포촌국수,부산 금정구 금샘로 490-0,한식,3335
31,손영환비빔국수칼국수,부산 금정구 체육공원로 524-0,한식,3297
32,이흥용과자점구서점,부산 금정구 금샘로 379-1,간이음식,3251
33,티원,부산 금정구 범어사로 363-0,카페/찻집,3237
34,감나무집,부산 금정구 범어사로 334-0,전문음식,3163
35,무심정[한식],부산 금정구 북문로 23-0,한식,3085
36,동원분식,부산 금정구 금사로51번길 9-0,간이음식,2809
37,석대다리집,부산 금정구 공단동로 3-0,한식,2773
38,아이리,부산 금정구 북문로 73-0,카페/찻집,2758
39,느루[한식],부산 금정구 금샘로 478-0,한식,2709
40,할리스부산금강식물원점,부산 금정구 금샘로 22-0,카페/찻집,2543
41,수림식당본점,부산 금정구 금샘로 7-0,외국식,2536
42,다인,부산 금정구 땅곡길 45-5,한식,2491
43,더도이종가집돼지국밥구서점,부산 금정구 금정로 249-0,한식,2462
44,오륙도낙지,부산 금정구 수림로20번길 49-0,전문음식,2441
45,녹우원,부산 금정구 중앙대로1763번길 27-0,한식,2399
46,뉴숯불통닭본점,부산 금정구 금강로335번길 55-0,간이음식,2359
47,자봉산장,부산 금정구 북문로 32-0,한식,2341
48,투썸플레이스부산남산점,부산 금정구 금샘로 399-1,카페/찻집,2300
49,울산집,부산 금정구 오륜대로 145-93,한식,2286
50,셀라스범어사점,부산 금정구 금샘로 538-0,카페/찻집,2249
51,경희궁구서점,부산 금정구 금샘로 441-0,전문음식,2126
52,서문국수,부산 금정구,한식,2074
53,면채움,부산 금정구 금정로231번길 11-0,간이음식,2035
54,명륜진사갈비부산구서점,부산 금정구 금정로185번길 30-0,한식,2008
55,농가의하루,부산 금정구 금샘로 335-0,외국식,1987
56,동래산성낙원집,부산 금정구 산성로 418-0,한식,1983
57,파스쿠찌부산남산점,부산 금정구 금샘로 351-0,카페/찻집,1940
58,카페지수,부산 금정구 산성로 428-0,카페/찻집,1920
59,맥도날드부산대2호점,부산 금정구 금정로60번길 24-0,간이음식,1857
60,우렁각시와꽃길,부산 금정구 금샘로 567-0,한식,1833
61,샤브향남산점,부산 금정구 금샘로 533-0,전문음식,1820
62,양지집,부산 금정구 오륜대로 271-0,한식,1795
63,옵스구서골드점,부산 금정구 금강로 477-0,간이음식,1754
64,이랴이랴남산점,부산 금정구 중앙대로 1975-0,한식,1750
65,소나무집,부산 금정구 오륜대로 274-0,전문음식,1712
66,본중식,부산 금정구 금샘로 359-0,외국식,1601
67,물레방아집,부산 금정구 산성로 522-0,한식,1578
68,애슐리퀸즈NC부산대점,부산 금정구 부산대학로63번길 2-0,전문음식,1572
69,대성관초밥,부산 금정구 금강로 179-0,외국식,1566
70,임진각식당,부산 금정구 놀이마당로 24-0,한식,1553
71,고려해장국,부산 금정구 청룡예전로 34-0,한식,1539
72,천하대장군,부산 금정구 공해5길 28-0,한식,1521
73,동원장수촌,부산 금정구 금강로 577-0,한식,1423
74,안경희개미집금정직영점,부산 금정구 금정로 204-0,전문음식,1361
75,범일돼지국밥,부산 금정구 무학송로 129-0,한식,1347
76,나고야[일식],부산 금정구 체육공원로399번길 325-11,외국식,1344
77,고기굽는남자구서점,부산 금정구 수림로50번길 122-0,한식,1338
78,해오름[한식],부산 금정구 체육공원로 680-0,한식,1330
79,현대가든,부산 금정구 산성로 510-0,한식,1320
80,디위드,부산 금정구 중앙대로 2356-0,카페/찻집,1306
81,금샘다방,부산 금정구 금샘로 574-0,카페/찻집,1287
82,포맨티코,부산 금정구 장전로12번길 16-0,외국식,1285
83,낭만제주,부산 금정구 금정로 200-0,한식,1284
84,유씨집,부산 금정구 상마2길 17-1,한식,1239
85,산성청송가든,부산 금정구 산성로 516-0,한식,1199
86,개화[중식],부산 금정구 동현로16번길 45-0,외국식,1189
87,카페호밀,부산 금정구 금샘로 34-0,카페/찻집,1183
88,송부장돼지갈비,부산 금정구 서동로 182-0,한식,1175
89,북문국수,부산 금정구 북문로 53-0,음식점기타,1166
90,명품달인김밥본점,부산 금정구 중앙대로 2346-0,간이음식,1152
91,청룡갈비,부산 금정구 청룡로 28-0,한식,1149
92,손씨집[한식],부산 금정구 상마1길 46-0,한식,1148
93,우디,부산 금정구 식물원로 36-5,전문음식,1129
94,오복미역구서점,부산 금정구 금정로 251-0,한식,1128
95,금정한정식[한식],부산 금정구 금샘로 431-0,한식,1103
96,채선당플러스남산점,부산 금정구 청룡로 59-0,전문음식,1100
97,금정어가,부산 금정구 두실로 17-0,한식,1098
98,배밭집,부산 금정구 오륜대로 258-0,한식,1077
99,청사초롱,부산 금정구 산성로 447-0,한식,1072
100,J949,부산 금정구 하정로50번길 12-1,카페/찻집,1070
1,칠암사계,부산 기장군 칠암1길 7-10,카페/찻집,89426
2,웨이브온커피,부산 기장군 해맞이로 286-0,카페/찻집,66470
3,풍원장시골밥상집[한식],부산 기장군 기장해안로 250-0,한식,31349
4,대게만찬,부산 기장군 기장해안로 266-0,전문음식,31016
5,바릇식당,부산 기장군 문오성길 61-0,전문음식,28147
6,헤이든,부산 기장군 문오성길 22-0,카페/찻집,26181
7,코랄라니,부산 기장군 기장해안로 32-0,카페/찻집,25086
8,피크스퀘어,부산 기장군 기장해안로 864-0,카페/찻집,21344
9,얼크니손칼국수기장점,부산 기장군 차성로417번길 22-0,한식,19352
10,고향연화,부산 기장군 연화길 33-8,전문음식,19061
11,공극샌드커피,부산 기장군 공수해안길 41-0,카페/찻집,17372
12,제이엠커피로스터스부산본점,부산 기장군 대변3길 8-0,카페/찻집,15956
13,명품물회,부산 기장군 기장해안로 34-20,전문음식,15536
14,스타벅스동부산DT점,부산 기장군 기장해안로 56-0,카페/찻집,15415
15,하녹,부산 기장군 내리길 146-5,카페/찻집,15333
16,어느멋진날,부산 기장군 기장해안로 1286-0,전문음식,15317
17,덕미,부산 기장군 동암해안길 77-0,카페/찻집,14916
18,오프오,부산 기장군 기장해안로 860-0,카페/찻집,13996
19,칠암일번지횟집,부산 기장군 문오성길 547-0,전문음식,13825
20,미식일상,부산 기장군 동부산관광로 34-0,외국식,13486
21,스타벅스기장역DT점,부산 기장군 기장대로 527-0,카페/찻집,13442
22,맥도날드부산정관DT점,부산 기장군 정관로 584-0,간이음식,12495
23,로아누,부산 기장군 기장대로 868-34,한식,11708
24,탐복,부산 기장군 문오성길 31-0,한식,11269
25,일등가한우만찬,부산 기장군 기장해안로 266-0,한식,10871
26,보몽드,부산 기장군 구기길 19-7,카페/찻집,10708
27,일광아구찜,부산 기장군 삼성3길 55-0,한식,10358
28,철마한우수목원,부산 기장군 곰내길 308-0,한식,10357
29,두루미베이커리카페,부산 기장군 곰내길 654-77,카페/찻집,10321
30,맥도날드부산기장DT점,부산 기장군 기장대로 500-0,간이음식,9863
31,우즈베이커리,부산 기장군 일광로 346-0,간이음식,9609
32,바보낙지,부산 기장군 동암해안길 6-0,한식,9394
33,카페드220볼트오시리아,부산 기장군 기장해안로 98-0,카페/찻집,9087
34,철마연밥[한식],부산 기장군,한식,8986
35,대보름,부산 기장군 기장해안로 98-0,카페/찻집,8857
36,메이크씨,부산 기장군 일광로 754-0,카페/찻집,8831
37,전산가든,부산 기장군 학리길 16-0,한식,8701
38,메르데쿠르,부산 기장군 기장해안로 871-1,카페/찻집,8580
39,스타벅스부산정관점,부산 기장군 정관로 579-0,카페/찻집,8243
40,료코기장점 [일식],부산 기장군 기장해안로 925-1,외국식,8057
41,차알동부산롯데월드점,부산 기장군 동부산관광로 34-0,외국식,7889
42,카페윤,부산 기장군 기장해안로 34-16,카페/찻집,7880
43,형제가든,부산 기장군 석길길 16-6,한식,7831
44,카페공지,부산 기장군 기장해안로 509-0,카페/찻집,7742
45,유정1995,부산 기장군 병산로 303-0,카페/찻집,7721
46,무진장횟집,부산 기장군 연화1길 137-0,전문음식,7679
47,일광대복집,부산 기장군 이화로 3-0,전문음식,7630
48,흙시루,부산 기장군 차성로451번길 28-0,한식,7288
49,송정해녀집본점,부산 기장군 공수해안길 57-2,전문음식,7177
50,마리솔,부산 기장군 일광로 290-0,카페/찻집,7095
51,곰내재468,부산 기장군 곰내길 468-0,한식,7073
52,D1베이커리카페,부산 기장군 일광로 326-0,카페/찻집,7057
53,향유정속초이모네찜부산점,부산 기장군 대변로 105-0,한식,7055
54,어촌밥상,부산 기장군 연화2길 4-0,한식,7025
55,씨앤트리,부산 기장군 일광로 808-0,카페/찻집,6716
56,아수라기장점,부산 기장군 반송로 1628-0,한식,6687
57,기장혼국보미역본점,부산 기장군 공수1길 3-0,한식,6521
58,제이엠커피로스터스정관점,부산 기장군 곰내길 634-0,카페/찻집,6506
59,일미아구찜,부산 기장군 학리등대로 102-0,한식,6469
60,풍원장안동보리밥[한식],부산 기장군 기장해안로 250-0,한식,6433
61,카페오시오,부산 기장군 일광로 310-0,카페/찻집,6043
62,바다향꼬막한상,부산 기장군 기장해안로 136-0,전문음식,5933
63,한다솥기장점,부산 기장군 기장해안로 128-0,한식,5888
64,바이킹스워프동부산점,부산 기장군 동부산관광로 34-0,전문음식,5867
65,기장끝집본점,부산 기장군 기장해안로 895-0,간이음식,5774
66,못난이식당기장점,부산 기장군 차성동로73번길 12-0,전문음식,5763
67,어보,부산 기장군 일광로 582-22,전문음식,5707
68,미청식당,부산 기장군 기장해안로 1303-0,한식,5685
69,도토리,부산 기장군 상장안1길 29-4,카페/찻집,5666
70,그릿비,부산 기장군 일광로 354-0,카페/찻집,5647
71,해녀천지할매집,부산 기장군 연화1길 210-0,한식,5597
72,부산조개창고,부산 기장군 구연3로 17-0,전문음식,5421
73,가마솥생복집,부산 기장군 차성로 327-2,전문음식,5225
74,호찐빵,부산 기장군 일광로 123-0,간이음식,5197
75,우송,부산 기장군 철마로 697-0,한식,5115
76,철마원조추어탕,부산 기장군 개좌로 763-0,한식,5091
77,일광정,부산 기장군 일광로 645-0,한식,5078
78,카페베이스,부산 기장군 연화1길 73-0,카페/찻집,5071
79,포에버얌,부산 기장군 문오성길 43-0,외국식,5061
80,칠암만장,부산 기장군 일광로 648-0,전문음식,4984
81,더이스트인부산,부산 기장군 기장해안로 266-0,전문음식,4961
82,대성갈치찌개구이,부산 기장군 대변2길 9-0,한식,4951
83,샤브쌈주머니부산오시리아점,부산 기장군 기장해안로 172-0,전문음식,4792
84,아틀리에은유재,부산 기장군 기룡2길 70-4,카페/찻집,4760
85,해녀조씨할매집,부산 기장군 연화1길 187-0,한식,4725
86,카페시랑이랑,부산 기장군 공수1길 19-0,카페/찻집,4715
87,부엌우동집,부산 기장군 당사로1길 11-0,외국식,4700
88,일광소나무집해산물전복죽,부산 기장군 일광로 334-0,한식,4680
89,기장해변짚불곰장어,부산 기장군 공수2길 11-0,전문음식,4529
90,마츠도,부산 기장군 당사로8길 22-0,외국식,4441
91,토리나무,부산 기장군 곰내길 378-0,카페/찻집,4420
92,버거킹부산정관DT점,부산 기장군 용수로 48-0,간이음식,4398
93,헬카우,부산 기장군 소정길 38-0,전문음식,4236
94,버거베이,부산 기장군 일광로 493-29,간이음식,4197
95,제주항통갈치,부산 기장군 공수2길 3-2,한식,4195
96,장군멸치회촌,부산 기장군 기장해안로 607-0,전문음식,4189
97,웨스턴챔버,부산 기장군 병산로 221-19,카페/찻집,4153
98,미동암소정,부산 기장군 미동길 19-0,한식,4108
99,장안숲므로,부산 기장군 방모산2길 37-0,카페/찻집,4081
100,해운대해물칼국수,부산 기장군 해맞이로 270-0,한식,4059
1,스타벅스동명대DT점,부산 남구 신선로 423-0,카페/찻집,20501
2,호포갈비문현점,부산 남구 우암로 359-0,한식,13947
3,공원칼국수,부산 남구 유엔평화로 110-0,한식,12619
4,메그네이트,부산 남구 진남로 135-0,카페/찻집,9089
5,맥도날드부산동명대DT점,부산 남구 신선로 424-0,간이음식,8972
6,김유순대구뽈찜전문,부산 남구 진남로 15-0,한식,8869
7,쿠우쿠우부산경성대점,부산 남구 수영로 305-0,전문음식,8802
8,쌍둥이돼지국밥대연점,부산 남구 유엔평화로13번길 2-0,한식,8136
9,합천국밥집,부산 남구 용호로 235-0,한식,8053
10,오륙도가원,부산 남구 백운포로 14-0,한식,8046
11,쌍둥이돼지국밥본점,부산 남구 유엔평화로 35-1,한식,7500
12,용호동할매팥빙수단팥죽본점,부산 남구 용호로90번길 24-0,카페/찻집,7063
13,스타벅스용호동W스퀘어점,부산 남구 분포로 145-0,카페/찻집,6924
14,내호냉면,부산 남구 우암번영로26번길 17-0,한식,6921
15,맥도날드부산황령DT점,부산 남구 황령대로 374-0,간이음식,6748
16,진주냉면대연점,부산 남구 유엔로 214-0,한식,5902
17,육면정,부산 남구 황령대로 329-0,한식,5579
18,초원복국대연본점,부산 남구 황령대로492번길 30-0,전문음식,5293
19,광명집,부산 남구 신선로 458-0,한식,4645
20,버거킹부산대연GS점,부산 남구 수영로 288-0,간이음식,4471
21,거창맷돌순두부,부산 남구 유엔로 221-0,한식,4267
22,빕스부산W스퀘어점,부산 남구 분포로 145-0,전문음식,4084
23,맛찬들왕소금구이대연동직영점,부산 남구 유엔평화로 36-0,한식,3963
24,구름고개,부산 남구 황령산로 260-0,카페/찻집,3935
25,이흥용과자점문현본점,부산 남구 수영로39번길 2-1,간이음식,3660
26,듀스포레,부산 남구 황령대로319번가길 193-0,전문음식,3570
27,식당3선용호점,부산 남구 용호로 91-0,한식,3410
28,참소국밥부산본점,부산 남구 유엔로 187-0,한식,3353
29,더도이종가집돼지국밥문현점,부산 남구 전포대로 13-5,한식,3181
30,진주횟집,부산 남구 백운포로 39-18,전문음식,3166
31,쌍희반점[중식],부산 남구 8부두로 3-1,외국식,3116
32,섭자리자연산횟집,부산 남구 분포로 66-30,전문음식,2944
33,알천순대곱창전골전문점알천본점,부산 남구 용소로7번길 88-0,전문음식,2887
34,착한낙지남구직영점,부산 남구 석포로 139-1,전문음식,2595
35,풍년곱창감만동점,부산 남구 우암로 76-3,전문음식,2462
36,카페그리다,부산 남구 유엔로 219-4,카페/찻집,2171
37,해파랑카페,부산 남구 오륙도로 137-0,카페/찻집,2146
38,이가한우한돈,부산 남구 분포로 66-17,한식,2121
39,문화쌈밥,부산 남구 유엔평화로 72-0,한식,2015
40,스타벅스부산대연역점,부산 남구 수영로 240-1,카페/찻집,2004
41,황령산전망쉼터,부산 남구 황령산로 391-39,카페/찻집,1959
42,파리바게뜨PB경성대점,부산 남구 용소로 6-0,간이음식,1955
43,버거킹부산용호분포SK,부산 남구 용호로 116-0,간이음식,1951
44,양산박,부산 남구 못골로 75-0,한식,1945
45,스시미르네용호점,부산 남구 분포로 115-0,외국식,1895
46,겐츠베이커리본점,부산 남구 분포로 111-0,간이음식,1863
47,동해바다,부산 남구 유엔로 208-0,한식,1801
48,스타벅스경성대점,부산 남구 수영로 312-0,카페/찻집,1680
49,맥도날드경성대점,부산 남구 수영로 304-0,간이음식,1677
50,쏘리낫쏘리베이크샵,부산 남구 분포로 66-33,카페/찻집,1674
51,수빈식당,부산 남구 석포로114번길 18-0,한식,1603
52,포항물회,부산 남구 유엔평화로 15-0,전문음식,1597
53,부산약콩밀면,부산 남구 동명로145번길 80-0,한식,1572
54,보타닉아덴,부산 남구 전포대로 133-0,카페/찻집,1562
55,문현동곱창골목,부산 남구,음식점기타,1537
56,골목집,부산 남구 용호로 203-4,한식,1507
57,스타벅스BIFC Mall점,부산 남구 문현금융로 40-0,카페/찻집,1506
58,대연밀면,부산 남구 천제등로 55-0,간이음식,1498
59,산청한방오리불고기,부산 남구 동명로146번길 135-0,전문음식,1475
60,유일한식탁,부산 남구 용소로13번길 62-0,전문음식,1402
61,유동커피,부산 남구 분포로 115-0,카페/찻집,1400
62,차이나반점[중식],부산 남구 용주로 33-0,외국식,1349
63,영진돼지국밥경성부경점,부산 남구 수영로346번길 18-0,한식,1345
64,만선해물탕,부산 남구 유엔평화로4번길 61-0,한식,1315
65,홍익돈까스부산대연점,부산 남구 용소로8번길 37-0,전문음식,1299
66,와사비문현점,부산 남구 고동골로4번길 10-0,전문음식,1298
67,더파티문현점,부산 남구 전포대로 26-0,전문음식,1281
68,형제돼지국밥,부산 남구 용소로13번길 29-1,한식,1279
69,KFC경성대부경대점,부산 남구 수영로 324-0,간이음식,1214
70,자연이주는밥상,부산 남구 백운포로 43-0,한식,1187
71,산미정본점,부산 남구 수영로219번길 9-0,한식,1145
72,미정아구찜,부산 남구 유엔로 177-0,한식,1126
73,메츠과자점,부산 남구 수영로266번길 46-0,간이음식,1122
74,이솔생산오리,부산 남구 신선로 499-0,전문음식,1105
75,스타벅스부산대연못골점,부산 남구 못골로 87-0,카페/찻집,1084
76,본가부산대연점,부산 남구 신선로 468-0,한식,1076
77,더맛,부산 남구 조각공원로 45-0,한식,1052
78,투썸플레이스용호메트로시티점,부산 남구 용호로54번길 10-0,카페/찻집,1041
79,조마루감자탕문현점,부산 남구 수영로 46-1,한식,996
80,와와샤브부산대연점,부산 남구 유엔평화로 32-0,전문음식,940
81,삼부자황제갈비살,부산 남구 유엔로169번길 97-0,한식,919
82,동산횟집,부산 남구 분포로 66-30,전문음식,900
82,안강식당,부산 남구 용호로159번길 119-0,한식,900
84,아델라7,부산 남구 황령대로319번나길 30-0,간이음식,892
85,큰집뼈다귀해장국,부산 남구 수영로266번길 134-0,한식,864
86,벌교궁꼬막한정식[한식],부산 남구 유엔로 159-0,한식,860
87,이비가짬뽕부산용당점 [중식],부산 남구 신선로 433-0,외국식,830
88,맛나감자탕대연점,부산 남구 진남로 17-0,한식,821
89,칠성식당본점,부산 남구 지게골로 7-0,전문음식,812
90,모짜르트,부산 남구 유엔평화로76번길 26-0,전문음식,806
91,라이옥경성대점,부산 남구 용소로7번길 76-0,외국식,784
92,도미노피자용호점,부산 남구 수영로 346-0,간이음식,778
93,착한소,부산 남구 수영로 72-0,한식,759
94,다다우동,부산 남구 유엔평화로 7-1,전문음식,731
95,옵스LG메트로시티점,부산 남구 분포로 113-0,간이음식,715
96,길목식당,부산 남구 석포로83번길 10-0,전문음식,701
97,하마,부산 남구 용호로 228-0,외국식,694
98,오륙도대게,부산 남구 백운포로 47-0,전문음식,692
99,삼겹한마당,부산 남구 유엔로 187-0,한식,686
100,투썸플레이스부산대연점,부산 남구 수영로 286-0,카페/찻집,670
1,맥도날드부산초량DT점,부산 동구 중앙대로 228-0,간이음식,13030
2,초량불백,부산 동구 초량로 36-0,한식,12906
3,맥도날드범일SK DT점,부산 동구 자성로 127-0,간이음식,11420
4,본전돼지국밥,부산 동구 중앙대로214번길 3-8,한식,9660
5,신발원,부산 동구 대영로243번길 62-0,외국식,9507
6,60년전통할매국밥,부산 동구 중앙대로533번길 4-0,한식,9320
7,하이디라오부산역점,부산 동구 중앙대로 175-0,외국식,7114
8,초량1941,부산 동구 망양로 533-5,카페/찻집,7029
9,초량밀면,부산 동구 중앙대로 225-0,한식,6851
10,투썸플레이스부산초량점,부산 동구 중앙대로 325-0,카페/찻집,4351
11,조방제일한우,부산 동구 조방로42번길 12-0,한식,3673
12,스완양분식,부산 동구 중앙대로236번길 7-5,전문음식,3066
13,고관함박,부산 동구 중앙대로349번길 14-0,전문음식,2922
14,스타벅스부산역아스티점,부산 동구 중앙대로214번길 7-8,카페/찻집,2850
15,밀양가산돼지국밥,부산 동구 자성로133번길 45-0,한식,2792
16,은하갈비,부산 동구 초량중로 86-0,한식,2700
17,스타벅스범일동일타워점,부산 동구 조방로 14-0,카페/찻집,2616
18,클레이디뷔페,부산 동구 조방로 14-0,전문음식,2598
19,소문난불백,부산 동구 초량로 36-0,한식,2481
20,스타벅스부산역점,부산 동구 중앙대로 216-0,카페/찻집,2472
21,대건명가초량본점,부산 동구 중앙대로 232-0,한식,2140
22,평산옥,부산 동구 초량중로 26-0,한식,2097
23,감포참가자미,부산 동구 범일로102번길 16-20,전문음식,2088
24,조방낙지범일직영점,부산 동구 조방로 21-0,전문음식,2072
25,1950태성당베이커리,부산 동구 중앙대로296번길 3-5,간이음식,2042
26,초량온당,부산 동구 초량중로 135-0,간이음식,2040
27,석화한정식[한식],부산 동구 조방로 21-0,한식,1988
28,영동밀면영동국밥,부산 동구 중앙대로209번길 12-0,한식,1986
29,참숯골왕갈비,부산 동구 조방로49번길 25-0,한식,1955
30,홍성방본관 [중식],부산 동구 중앙대로179번길 1-0,외국식,1919
31,초량845,부산 동구 망양로533번길 8-0,음식점기타,1910
32,스타벅스부산역라마다점,부산 동구 중앙대로196번길 10-0,카페/찻집,1821
33,신선식당,부산 동구 조방로49번길 13-0,한식,1712
34,홍성방신관 [중식],부산 동구 중앙대로179번길 16-0,외국식,1700
35,우리돼지국밥,부산 동구 초량로 27-1,한식,1589
36,브라운핸즈부산점,부산 동구 중앙대로209번길 16-0,카페/찻집,1430
37,초량원조불백,부산 동구 초량로 36-0,한식,1406
38,코소롱제주참숯생고기전문점,부산 동구 조방로 39-11,한식,1382
39,부경불백,부산 동구 구봉로 2-0,한식,1159
40,밀양돼지갈비,부산 동구 초량로 17-5,한식,1110
41,사해방[중식],부산 동구 중앙대로195번길 14-0,외국식,1103
42,코카모메초량점,부산 동구 영초윗길 20-0,외국식,1089
43,마가만두[중식],부산 동구 대영로243번길 56-0,외국식,1029
44,성북고개식당,부산 동구 망양로 853-0,한식,1000
45,일품향[중식],부산 동구 대영로243번길 22-0,외국식,891
46,신창국밥부산역점,부산 동구 중앙대로214번길 3-4,한식,868
47,송죽[일식],부산 동구 범일로102번길 16-10,외국식,841
48,카페편안,부산 동구 증산북로13번길 6-0,카페/찻집,812
49,장성향[중식],부산 동구 대영로243번길 29-0,외국식,778
50,롯데리아부산역점,부산 동구 중앙대로 201-0,간이음식,777
51,육전밀면부산역본점,부산 동구 중앙대로221번가길 5-0,한식,764
52,텐이몽[중식],부산 동구 자성로133번길 10-0,외국식,741
53,고관해물탕,부산 동구 중앙대로349번길 38-0,한식,739
54,천백돈까스,부산 동구 초량상로 124-1,전문음식,702
54,다께,부산 동구 범일로102번길 12-0,외국식,702
56,COFFEE TEK ROASTERS,부산 동구 자성로133번길 10-0,카페/찻집,673
57,범일빈대떡,부산 동구 중앙대로 519-0,한식,659
58,고려홍삼삼계탕,부산 동구 범일로102번길 16-9,한식,651
59,던킨부산역라마다점,부산 동구 중앙대로196번길 10-0,간이음식,612
60,대수정,부산 동구 자성로133번길 46-0,한식,597
61,네살차이,부산 동구 중앙대로 447-1,카페/찻집,584
62,송원감자탕,부산 동구 초량로 3-1,한식,549
63,설빙범일점,부산 동구 범일로102번길 14-0,카페/찻집,546
63,길세이로무시범일점,부산 동구 범일로102번길 16-6,한식,546
65,유연생고기전문점,부산 동구 조방로 41-0,한식,543
66,안창마을정미집,부산 동구 안창로77번가길 5-0,전문음식,542
67,스타벅스범일교차로점,부산 동구 조방로 4-0,카페/찻집,539
68,양지아구찜,부산 동구 초량중로 96-0,한식,526
69,제주가,부산 동구 중앙대로196번길 6-9,한식,523
70,문화공감수정,부산 동구 홍곡로 75-0,카페/찻집,514
71,장수촌순대돼지국밥,부산 동구 중앙대로 534-0,한식,490
72,투썸플레이스부산역점,부산 동구 중앙대로 201-0,카페/찻집,475
73,블랙웍[중식],부산 동구 중앙대로 297-0,외국식,432
74,초량해칼국수,부산 동구 중앙대로231번길 15-0,한식,429
75,화교대반점[중식],부산 동구 대영로243번길 42-0,외국식,423
76,제일류초량뚝배기[한식],부산 동구 구봉로 4-0,한식,403
77,조선화로집범일점,부산 동구 조방로 19-0,한식,401
77,대게천국,부산 동구 조방로 39-7,전문음식,401
79,EU,부산 동구 초량상로 106-0,간이음식,395
80,양지아구찜,부산 동구 초량로 5-1,한식,372
81,대지숯불갈비,부산 동구 범일로89번길 11-0,한식,353
82,투썸플레이스부산범일점,부산 동구 범일로 102-0,카페/찻집,345
83,이어도대구탕물회,부산 동구 중앙대로236번길 10-0,한식,343
84,금수각[중식],부산 동구 초량로 119-0,외국식,339
85,뚜레쥬르부산범일점,부산 동구 자성로133번길 31-0,간이음식,318
86,가미스시,부산 동구 자성공원로 23-11,외국식,316
87,카페린,부산 동구 초량중로 103-0,카페/찻집,311
88,신발원신관,부산 동구 대영로243번길 64-0,외국식,306
89,자유관[중식],부산 동구 중앙대로 324-0,외국식,304
90,덕미생선구이,부산 동구 중앙대로221번길 32-0,한식,301
91,목구멍초량점,부산 동구 초량중로 105-2,한식,288
92,창현수산,부산 동구 범일로89번길 37-0,한식,284
93,7.7돼지숯불갈비,부산 동구 진성로9번길 30-1,한식,278
94,루반도르과자점,부산 동구 중앙대로 375-1,간이음식,268
95,맛나감자탕초량점,부산 동구 초량상로 98-0,한식,267
96,밀양순대돼지국밥부산점,부산 동구 중앙대로231번길 5-0,한식,263
96,서울깍두기,부산 동구 중앙대로226번길 3-2,한식,263
98,하누소뒷고기범일점,부산 동구 조방로49번길 9-0,한식,262
99,장어촌,부산 동구 조방로49번길 29-0,전문음식,259
100,날마다대박나는집범일점,부산 동구 조방로 10-0,한식,252
1,소문난주문진막국수,부산 동래구 사직로58번길 8-0,한식,19814
2,박해윤통영해물밥상,부산 동래구 연안로 38-0,전문음식,14101
3,타이빈,부산 동래구 금강로73번길 12-0,외국식,13756
4,동래삼계탕,부산 동래구 동래로116번길 39-0,한식,12571
5,맥도날드원동DT점,부산 동래구 충렬대로 486-0,간이음식,12519
6,세연정동래점,부산 동래구 충렬대로 149-0,한식,10977
7,스타벅스동래미남DT점,부산 동래구 충렬대로 101-0,카페/찻집,9001
8,스타벅스부산안락DT점,부산 동래구 충렬대로 446-0,카페/찻집,8722
9,아웃백스테이크하우스동래점,부산 동래구 온천장로 20-0,전문음식,8470
10,맥도날드부산온천SK DT점,부산 동래구 충렬대로 121-0,간이음식,8059
11,영남식육식당동래점,부산 동래구 명륜로112번가길 51-0,한식,7282
12,303화덕동래점,부산 동래구 차밭골로 37-0,외국식,6947
13,봉평막국수동래점,부산 동래구 충렬대로 218-0,한식,6701
14,맥도날드부산사직DT점,부산 동래구 아시아드대로 110-0,간이음식,6368
15,부바스온천천점,부산 동래구 온천천로457번길 4-0,카페/찻집,6301
16,금수복국동래점,부산 동래구 충렬대로 210-0,한식,6192
17,영남식육식당안락점,부산 동래구 충렬대로 406-0,한식,6168
18,신가네호떡김밥떡볶이,부산 동래구 충렬대로249번길 61-0,간이음식,5966
19,금강만두직영점,부산 동래구 사직북로5번길 11-0,한식,5923
20,하나돈까스온천점,부산 동래구 금강로 67-0,전문음식,5916
21,진국명가온천천점,부산 동래구 온천천로 361-0,한식,5707
22,동래밀면,부산 동래구 명륜로 47-0,한식,4931
23,소문난원조조방낙지본점,부산 동래구 명륜로94번길 37-0,전문음식,4719
24,투썸플레이스부산온천천점,부산 동래구 온천천로 329-0,카페/찻집,4609
25,목화기사식당,부산 동래구 차밭골로 19-1,한식,4494
26,상무초밥부산동래점,부산 동래구 명륜로 138-0,외국식,3491
27,원조꼬리곰집,부산 동래구 온천장로 52-0,한식,3447
28,파나카F,부산 동래구 금정마을로 54-0,카페/찻집,3331
29,더도이종가집돼지국밥사직점,부산 동래구 아시아드대로 114-0,한식,3299
30,희망통닭,부산 동래구 명륜로98번길 94-0,간이음식,3074
31,원조장어구이사직점,부산 동래구 사직로 3-0,전문음식,2976
32,버거킹부산안락DT점,부산 동래구 충렬대로 311-0,간이음식,2945
33,코모도테이블,부산 동래구 온천천로453번길 23-2,카페/찻집,2912
34,303일상,부산 동래구 차밭골로 36-4,외국식,2835
35,동보성[중식],부산 동래구 온천천로 193-0,외국식,2766
36,태백관[중식],부산 동래구 충렬대로285번길 31-0,외국식,2742
37,함경면옥동래본점,부산 동래구 충렬대로 213-0,한식,2699
38,쿠루미,부산 동래구 온천천로 71-1,간이음식,2685
39,수복돼지국밥,부산 동래구 반송로 290-0,한식,2645
40,몽뜰,부산 동래구 중앙대로1381번길 33-0,한식,2476
41,대길숯불갈비,부산 동래구 금강로 150-0,한식,2455
42,고메밀면,부산 동래구 충렬대로 378-1,한식,2440
43,본고갈비[한식],부산 동래구 충렬대로272번길 2-0,한식,2387
44,백객도반점[중식],부산 동래구 금정마을로 70-0,외국식,2362
45,명품물회동래점,부산 동래구 명륜로 52-0,전문음식,2312
46,해도초밥,부산 동래구 온천장로 89-0,외국식,2265
47,이지요사직점,부산 동래구 사직로 66-0,카페/찻집,2211
48,석정갈비,부산 동래구 중앙대로1367번길 72-0,한식,2196
49,희래등[중식],부산 동래구 중앙대로1367번길 55-0,외국식,2176
50,스타벅스명륜역점,부산 동래구 동래로 25-0,카페/찻집,2164
51,맥도날드사직점,부산 동래구 사직북로 1-0,간이음식,2126
52,삼대돼지불고기2호점손녀집,부산 동래구 사직로 11-0,한식,2115
53,정림[한식],부산 동래구 충렬대로237번길 31-3,한식,2090
54,동래할매파전,부산 동래구 명륜로94번길 43-10,한식,2043
55,스타벅스사직구장점,부산 동래구 사직북로 4-0,카페/찻집,2001
56,금문[중식],부산 동래구 온천장로119번길 57-0,외국식,1996
57,엄용백낙돈,부산 동래구 명륜로117번길 33-0,한식,1986
58,동래별장,부산 동래구 금강로123번길 12-0,전문음식,1967
59,봉식당,부산 동래구 온천장로119번길 26-0,한식,1953
60,쌍둥이돼지국밥,부산 동래구 아시아드대로145번길 6-0,한식,1885
61,올리브장작온천천점,부산 동래구 온천천로471번길 9-0,간이음식,1881
62,사계,부산 동래구 미남로 126-0,전문음식,1771
63,오공복이온천천카페거리점,부산 동래구 온천천로457번길 7-0,외국식,1737
64,강초밥,부산 동래구 온천천로471번가길 12-2,외국식,1729
65,소문난동래파전,부산 동래구 금강공원로 55-0,전문음식,1724
66,스타벅스부산온천장역점,부산 동래구 중앙대로 1523-0,카페/찻집,1677
67,양대감대구탕,부산 동래구 금강로 132-6,한식,1646
68,고혼,부산 동래구 반송로 299-0,한식,1619
69,구기영조방낙지본점,부산 동래구 명장로20번길 60-0,전문음식,1555
70,미미루[중식],부산 동래구 온천장로 91-1,외국식,1529
71,모해나키친,부산 동래구 충렬대로446번길 29-0,전문음식,1496
72,버거킹부산수안역점,부산 동래구 충렬대로 194-0,간이음식,1489
73,스타벅스동래역점,부산 동래구 충렬대로181번길 42-0,카페/찻집,1450
74,스타벅스부산사직점,부산 동래구 사직북로 24-0,카페/찻집,1449
75,오륙도낙지,부산 동래구 사직북로5번길 30-0,전문음식,1403
76,통나무하우스[한식],부산 동래구 금강공원로20번길 22-0,한식,1379
77,금수복국온천점,부산 동래구 온천장로107번길 18-0,전문음식,1373
78,24시장수촌순대돼지국밥,부산 동래구 온천천로 329-0,한식,1370
79,대게좋은날,부산 동래구 동래로 65-0,전문음식,1333
80,태능연탄갈비,부산 동래구 온천장로107번길 20-0,한식,1327
81,1984나폴리,부산 동래구 중앙대로1381번길 56-3,외국식,1314
82,엔제리너스부산온천천점,부산 동래구 온천천로 361-0,카페/찻집,1292
83,설빙안락온천천점,부산 동래구 온천천로 443-0,카페/찻집,1290
84,조마루감자탕동래점,부산 동래구 명륜로 130-1,한식,1284
85,바우석쇠구이,부산 동래구 충렬대로202번가길 5-0,한식,1281
86,부광반점[중식],부산 동래구 명륜로98번길 118-0,외국식,1279
87,슈니테악트,부산 동래구 사직북로5번길 49-0,카페/찻집,1263
88,영국이네,부산 동래구 충렬대로100번길 83-0,간이음식,1258
89,마장동김씨동래점,부산 동래구 명륜로139번길 6-0,한식,1234
90,영진돼지국밥,부산 동래구 미남로132번길 63-0,한식,1227
91,내당[한식],부산 동래구 금강공원로20번길 23-0,한식,1216
92,밀한줌,부산 동래구 온천천로471번길 7-0,간이음식,1191
93,고반식당동래점,부산 동래구 명륜로 134-0,한식,1190
94,동래왕돼지국밥,부산 동래구 미남로 136-0,한식,1159
95,옥당분식,부산 동래구 사직북로28번길 101-0,간이음식,1150
96,명륜진사갈비부산사직점,부산 동래구 미남로 62-0,한식,1148
97,멜버른,부산 동래구 온천천로441번길 3-0,카페/찻집,1138
98,등촌샤브칼국수,부산 동래구 명륜로 189-5,전문음식,1135
99,삼다진족,부산 동래구 명륜로 139-0,전문음식,1133
100,해월,부산 동래구 차밭골로 49-0,한식,1123
1,냉수탕가든,부산 부산진구 가야공원로 107-0,전문음식,29025
2,외식일번가부산본점,부산 부산진구 신천대로 222-0,한식,20005
3,더스타뷔페,부산 부산진구 중앙대로666번길 50-0,전문음식,15266
4,맥도날드부산범전DT점,부산 부산진구 중앙대로 823-0,간이음식,10635
5,더파티서면점,부산 부산진구 신천대로 252-0,전문음식,10420
6,쉐이크쉑서면점,부산 부산진구 중앙대로 672-0,간이음식,9003
7,전포카페거리,부산 부산진구 전포대로209번길 26-0,음식점기타,7481
8,이재모피자서면점,부산 부산진구 전포대로209번길 21-0,간이음식,7445
9,청와정,부산 부산진구 동평로44번길 55-0,한식,6737
10,서가네오리,부산 부산진구 가야공원로 83-33,전문음식,6349
11,춘하추동밀면서면본점,부산 부산진구 서면문화로 48-1,한식,6227
12,공원집,부산 부산진구 가야공원로 83-12,전문음식,5790
13,송정3대국밥,부산 부산진구 서면로68번길 33-0,한식,5785
14,사미헌,부산 부산진구 서면문화로 19-0,한식,5619
15,S서울깍뚜기전포동점,부산 부산진구 서전로 49-0,한식,5320
16,원조범일동매떡,부산 부산진구 골드테마길 52-2,간이음식,5040
17,맥도날드당감DT점,부산 부산진구 동평로 91-0,간이음식,4991
18,희와제과,부산 부산진구 전포대로246번길 6-0,간이음식,4746
19,불끈낙지개금점,부산 부산진구 가야대로410번길 4-0,전문음식,4579
20,더파티범일점,부산 부산진구 자유평화로 11-0,전문음식,4389
21,홍유단[중식],부산 부산진구 부전로 34-0,외국식,4298
22,아시오,부산 부산진구 월드컵대로472번길 1-0,카페/찻집,4232
23,갈비곳간,부산 부산진구 서면문화로 32-0,한식,3969
24,세연정가야점 [한식],부산 부산진구 가야대로 554-0,한식,3914
25,늘해랑,부산 부산진구 중앙대로928번길 12-0,한식,3805
26,정동진해물탕해물찜,부산 부산진구 서면문화로 37-0,한식,3594
27,스타벅스서면전포역점,부산 부산진구 전포대로199번길 27-0,카페/찻집,3589
28,해신킹크랩대게,부산 부산진구 전포대로275번길 65-0,전문음식,3563
29,맛찬들왕소금구이서면점,부산 부산진구 중앙대로691번가길 24-3,한식,3208
30,맥도날드초읍DT점,부산 부산진구 성지로 152-0,간이음식,3070
31,아웃백스테이크하우스서면점,부산 부산진구 중앙대로 672-0,전문음식,3063
32,양정기사식당,부산 부산진구 중앙대로970번길 38-0,한식,3057
33,맥도날드가야점,부산 부산진구 가야대로 607-0,간이음식,2941
34,칸다소바[일식],부산 부산진구 동천로 105-0,외국식,2925
35,스콜,부산 부산진구 서면문화로 32-0,전문음식,2913
36,두번째늘해랑,부산 부산진구 양지로5번길 28-0,한식,2905
37,스타벅스부산개금역점,부산 부산진구 가야대로 462-1,카페/찻집,2852
38,스타벅스동의대역점,부산 부산진구 가야대로 589-0,카페/찻집,2693
39,초함,부산 부산진구 성지로 101-0,한식,2592
40,시민냉면,부산 부산진구 당감로64번길 16-0,한식,2554
41,스페이스앤무드,부산 부산진구 새싹로 22-1,카페/찻집,2499
42,가야정본점,부산 부산진구 가야대로 527-0,한식,2492
43,월강,부산 부산진구 서면로 7-0,외국식,2477
44,맥도날드서면3호점,부산 부산진구 중앙대로692번길 33-0,간이음식,2463
45,급행장차이나[중식],부산 부산진구 부전로96번길 40-1,외국식,2426
46,기장손칼국수,부산 부산진구 서면로 56-0,한식,2414
47,그린하노이양정점,부산 부산진구 양성로 98-0,외국식,2393
48,다금,부산 부산진구 월드컵대로474번길 4-0,한식,2382
49,마산식당,부산 부산진구 자유평화로 19-0,한식,2268
50,애슐리퀸즈NC서면점,부산 부산진구 동천로 92-0,전문음식,2212
51,하얀농원,부산 부산진구 백양순환로 39-0,한식,2182
52,스타벅스양정역점,부산 부산진구 중앙대로 894-0,카페/찻집,2149
53,초원복국범일점,부산 부산진구 자유평화로 21-10,전문음식,2133
54,삼오정,부산 부산진구 서면로68번길 11-0,한식,1968
55,구프,부산 부산진구 동성로 25-0,카페/찻집,1913
56,이바돔감자탕전포점,부산 부산진구 중앙대로 808-0,한식,1833
57,소인수분해,부산 부산진구 동천로108번길 11-0,전문음식,1826
58,이바돔감자탕가야점,부산 부산진구 가야대로 597-0,한식,1825
59,팔미분식,부산 부산진구 중앙대로691번길 55-0,간이음식,1805
60,이리스뷔페,부산 부산진구 서면로 25-0,전문음식,1800
61,쿠우쿠우부산서면점,부산 부산진구 중앙대로702번길 33-0,전문음식,1751
62,진수밥상,부산 부산진구 백양관문로 111-0,한식,1727
63,투썸플레이스문현금융단지점,부산 부산진구 중앙번영로 31-0,카페/찻집,1659
64,가야공원입구집,부산 부산진구 가야공원로 86-0,전문음식,1633
65,소소횟집,부산 부산진구 서면문화로 23-0,전문음식,1625
66,빈티지38,부산 부산진구 전포대로199번길 38-0,전문음식,1617
67,청진동아구찜,부산 부산진구 서면문화로 40-0,한식,1575
68,가야포차선지국밥,부산 부산진구 전포대로 274-0,한식,1541
69,산청칼국수,부산 부산진구 성지로43번길 57-0,한식,1533
70,삼성밀면,부산 부산진구 월드컵대로449번길 47-0,한식,1523
71,영심이왕족발,부산 부산진구 거제대로60번길 47-0,전문음식,1522
72,본가개금점,부산 부산진구 가야대로443번길 29-0,한식,1519
73,도레담,부산 부산진구 성지로94번길 133-19,카페/찻집,1510
74,소소헌한식이야기,부산 부산진구 성지로 42-0,한식,1412
75,스타벅스서면트레이더스점,부산 부산진구 시민공원로 31-0,카페/찻집,1373
76,어반그레이로스터리,부산 부산진구 중앙대로 950-0,카페/찻집,1369
77,스타벅스부전역점,부산 부산진구 중앙대로 777-0,카페/찻집,1360
78,가가와,부산 부산진구 중앙번영로 6-0,전문음식,1352
79,카페휘고,부산 부산진구 성지곡로 36-1,카페/찻집,1310
80,원조할매낙지,부산 부산진구 골드테마길 10-0,전문음식,1297
81,위파티부산본점,부산 부산진구 냉정로 166-1,간이음식,1284
82,양산도히츠마부시,부산 부산진구 동천로 58-0,외국식,1267
83,맛나감자탕초읍점,부산 부산진구 새싹로 208-0,한식,1225
84,초원가든,부산 부산진구 부전로 57-0,한식,1200
85,스타벅스서면로R점,부산 부산진구 서면로 49-1,카페/찻집,1180
86,서면밀면,부산 부산진구 서전로 25-0,한식,1170
87,버거킹부산양정점,부산 부산진구 중앙대로 900-0,간이음식,1165
88,스타벅스서면센트럴스퀘어점,부산 부산진구 중앙대로666번길 50-0,카페/찻집,1158
89,라세느,부산 부산진구 가야대로 772-0,전문음식,1148
90,오프커스,부산 부산진구 전포대로199번길 30-0,카페/찻집,1142
91,포항돼지국밥,부산 부산진구 서면로68번길 25-0,한식,1119
92,화남정돼지국밥,부산 부산진구 성지로 50-0,한식,1115
93,초읍원가네,부산 부산진구 성지로 145-0,한식,1113
94,야스마루,부산 부산진구 서전로38번길 35-14,외국식,1107
95,갓파스시서면점,부산 부산진구 중앙대로702번길 43-0,외국식,1103
96,구덕포끝집고기서면전포점,부산 부산진구 전포대로176번길 19-0,한식,1097
97,딤타오서면점,부산 부산진구 중앙대로 672-0,외국식,1095
98,3FOUND,부산 부산진구 전포대로189번길 30-0,외국식,1078
99,스완양분식시청점,부산 부산진구 거제천로40번길 20-0,간이음식,1073
100,두루미,부산 부산진구 동천로132번길 20-0,한식,1070
1,스타벅스화명강변DT점,부산 북구 금곡대로 77-0,카페/찻집,13237
2,쿠우쿠우부산화명점,부산 북구 금곡대로 287-0,전문음식,11254
3,외식1번가덕천점,부산 북구 의성로 88-0,한식,10507
4,더도이종가집돼지국밥덕천본점,부산 북구 의성로 91-0,한식,9242
5,식당3선덕천점,부산 북구 금곡대로 112-0,한식,8754
6,맥도날드부산구남DT점,부산 북구 백양대로 1045-0,간이음식,8621
7,대박터진돈까스,부산 북구 덕천로304번길 18-0,전문음식,8485
8,맥도날드부산덕천DT점,부산 북구 금곡대로 107-0,간이음식,6637
9,갓파스시덕천점,부산 북구 금곡대로 11-0,외국식,6621
10,맥도날드만덕DT점,부산 북구 덕천로 179-0,간이음식,6039
11,맥도날드화명동DT점,부산 북구 금곡대로 360-0,간이음식,4829
12,툇마루,부산 북구 금곡대로285번길 81-0,전문음식,4490
13,신라농원,부산 북구 기찰로 7-0,한식,4442
14,스타벅스부산덕천역점,부산 북구 만덕대로 30-0,카페/찻집,4297
15,투썸플레이스부산화명수정점,부산 북구 화명신도시로 4-0,카페/찻집,3715
16,파스쿠찌부산구포점,부산 북구 낙동북로 720-0,카페/찻집,3701
17,아웃백스테이크하우스덕천점,부산 북구 만덕대로 30-0,전문음식,3416
18,하늘연달스무아흐레,부산 북구 덕천로 375-0,카페/찻집,2990
19,스타벅스부산화명역점,부산 북구 금곡대로285번길 5-0,카페/찻집,2950
20,함경면옥덕천점,부산 북구 금곡대로 21-0,한식,2698
21,웅천집,부산 북구 금곡대로616번길 7-14,전문음식,2531
22,곰배령가든,부산 북구 중리로 88-7,한식,2507
23,우리장[한식],부산 북구 중리로 88-14,한식,2320
24,화명옥,부산 북구 용당로9번길 3-0,전문음식,2086
25,흥부네화덕,부산 북구 용당로20번길 6-0,간이음식,2083
26,샤브마니아부산화명점,부산 북구 화명대로94번길 116-0,전문음식,2062
27,메종드마레,부산 북구 만덕고개길 85-0,전문음식,2036
28,파리바게뜨부산덕천점,부산 북구 만덕대로 16-0,간이음식,2023
29,꽃마름부산덕천점,부산 북구 낙동대로 1791-0,전문음식,1891
30,롯데리아롯데마트화명점,부산 북구 화명대로 47-0,간이음식,1879
31,장수장꼬리곰탕,부산 북구 사상로 577-0,한식,1778
32,착한낙지화명점,부산 북구 금곡대로 195-0,전문음식,1764
33,덕천구룡성[중식],부산 북구 금곡대로 17-0,외국식,1683
34,육선당,부산 북구 화명대로 17-0,한식,1648
35,북경의자전거[중식],부산 북구 용당로5번길 14-0,외국식,1545
36,금용,부산 북구 구포만세길 75-0,외국식,1510
37,도랑추어탕,부산 북구 금곡대로324번길 7-0,한식,1483
38,스타벅스부산구남역DT점,부산 북구 백양대로 1040-0,카페/찻집,1461
39,스시투어화명점,부산 북구 용당로16번길 23-0,외국식,1442
40,롯데리아덕천점,부산 북구 덕천1길 26-0,간이음식,1415
41,만선참가자미회전문점본점,부산 북구 금곡대로8번길 19-0,전문음식,1383
42,취밍,부산 북구 금곡대로285번길 16-0,외국식,1349
43,명륜진사갈비부산화명점,부산 북구 금곡대로285번길 81-0,한식,1313
44,숨카페,부산 북구 만덕고개길 131-0,카페/찻집,1284
45,구포설렁탕,부산 북구 백양대로 1182-0,한식,1239
46,엔제리너스부산수정역DI점,부산 북구 금곡대로 201-0,카페/찻집,1208
47,맛나감자탕부산경남지사,부산 북구 금곡대로 121-0,한식,1188
48,롯데리아부산화명점,부산 북구 화명신도시로 127-0,간이음식,1157
49,수림식당3호점,부산 북구 화명대로94번길 116-0,외국식,1151
50,덕천복집,부산 북구 기찰로 41-2,전문음식,1113
51,길세이로무시화명점,부산 북구 금곡대로303번길 62-0,외국식,1111
52,샤브쌈주머니만덕점,부산 북구 만덕3로33번길 4-9,한식,1104
53,버거킹부산화명점,부산 북구 화명대로 44-0,간이음식,1099
53,이상한나라의밀가루공장,부산 북구 만덕2로44번길 42-14,카페/찻집,1099
55,화명참숯불갈비,부산 북구 화명신도시로 127-0,한식,1092
56,평양집,부산 북구 금곡대로20번길 21-0,한식,1075
57,오픈하우스가든,부산 북구 중리로 90-0,전문음식,978
58,풍어횟집,부산 북구 금곡대로285번길 62-0,전문음식,949
58,화명코아활어회센터,부산 북구 금곡대로303번길 80-0,전문음식,949
60,롯데리아구포점,부산 북구 낙동대로 1698-0,간이음식,944
61,올타미스터스시화명점,부산 북구 용당로5번길 12-0,외국식,935
62,그린하노이화명점,부산 북구 금곡대로199번길 11-0,외국식,921
63,로얄펠리스,부산 북구 화명신도시로 130-0,음식점기타,907
64,큰집게장,부산 북구 와석장터로 13-0,한식,901
65,메아리산장,부산 북구 만덕고개길 23-0,전문음식,878
66,하이페리온타워,부산 북구 화명대로 15-0,음식점기타,871
67,골든프라자,부산 북구 화명신도시로 129-0,음식점기타,866
68,우미남화명점,부산 북구 용당로16번길 20-0,한식,857
69,혜미식품,부산 북구 낙동대로1570번길 16-0,음식점기타,833
70,샤브향화명점,부산 북구 금곡대로303번길 25-0,전문음식,796
71,리산옥[중식],부산 북구 금곡대로303번길 25-0,외국식,780
71,트레몬토710,부산 북구 금곡대로 710-15,카페/찻집,780
73,명가밀면,부산 북구 금곡대로303번길 70-0,간이음식,779
74,마피아떡볶이부산북구점,부산 북구 금곡대로 238-0,간이음식,765
75,박씨네,부산 북구 만덕고개길 140-0,전문음식,759
76,날마다대박나는집,부산 북구 만덕3로 9-0,한식,745
77,목촌돼지국밥,부산 북구 금곡대로 374-0,한식,743
78,삼소통나무집,부산 북구 중리로 78-0,한식,741
79,도미노피자화명점,부산 북구 화명신도시로 77-0,간이음식,737
80,샤브향덕천점,부산 북구 만덕대로 176-0,전문음식,729
81,사랑도횟집,부산 북구 금곡대로285번길 81-0,전문음식,723
82,큐빅스타워,부산 북구 금곡대로285번길 46-0,음식점기타,695
83,백소정화명점,부산 북구 학사로 8-0,전문음식,686
83,도미노피자덕천점,부산 북구 만덕대로 116-0,간이음식,686
85,5키친,부산 북구 화명대로12번길 88-0,전문음식,656
86,봉평막국수화명점,부산 북구 화명대로 69-13,한식,652
87,코지하우스화명점,부산 북구 화명대로 31-0,전문음식,647
88,칠칠집,부산 북구 금곡대로303번길 22-0,한식,631
89,오늘도짬뽕,부산 북구 화명신도시로 133-0,외국식,619
90,명소,부산 북구 용당로 7-0,한식,596
91,스시순,부산 북구 금곡대로285번길 78-0,외국식,586
92,면채움,부산 북구 용당로16번길 10-0,한식,581
93,민속아구찜,부산 북구 백양대로1016번가길 14-0,한식,577
94,올타미스터스시덕천점,부산 북구 기찰로 10-0,외국식,575
95,계곡산장,부산 북구 구만덕로59번길 46-0,한식,565
95,두울원화명점,부산 북구 화명대로12번길 48-0,한식,565
95,오케이도매횟집화명점,부산 북구 화명대로 67-0,전문음식,565
98,오미정아구찜,부산 북구 용당로15번길 21-0,한식,560
99,금빛코다리본점,부산 북구 만덕대로 52-0,한식,549
100,만석꾼풍천산삼민물장어,부산 북구 금곡대로 206-0,전문음식,544
1,합천일류돼지국밥,부산 사상구 광장로 34-0,한식,37581
2,할매재첩국,부산 사상구 낙동대로1530번길 20-15,한식,19207
3,최뼈다구해장국2호점,부산 사상구 광장로 22-0,한식,18484
4,오르디,부산 사상구 대동로107번길 17-0,카페/찻집,13147
5,스타벅스사상주례DT점,부산 사상구 백양대로 520-0,카페/찻집,10344
6,VSANT,부산 사상구 강변대로 420-7,카페/찻집,9750
7,스타벅스동서대DT점,부산 사상구 가야대로 338-0,카페/찻집,9626
8,대궐안집,부산 사상구 광장로 68-0,한식,9525
9,외식1번가서부산점,부산 사상구 농산물시장로 36-0,한식,9413
10,스타벅스삼락강변DT점,부산 사상구 낙동대로 1306-0,카페/찻집,9058
11,맥도날드부산엄궁DT점,부산 사상구 낙동대로 745-0,간이음식,8321
12,풍원장엄궁점,부산 사상구 강변대로 420-7,한식,7446
13,초원농원삼락본점,부산 사상구 낙동대로 1498-0,한식,7118
14,우디브룩,부산 사상구 학감대로 2-0,카페/찻집,6504
15,최뼈다구해장국1호점,부산 사상구 광장로 95-1,한식,6440
16,곰보식당,부산 사상구 낙동대로 1564-0,한식,5915
17,사천게장집,부산 사상구 낙동대로1518번길 27-0,전문음식,5294
18,투썸플레이스부산백양대로점,부산 사상구 백양대로 655-0,카페/찻집,4896
19,스타벅스사상엄궁DT점,부산 사상구 낙동대로 744-0,카페/찻집,4493
20,할리스부산백양대로점,부산 사상구 백양대로 621-0,카페/찻집,3941
21,해물왕창칼국수,부산 사상구 사상로 316-0,한식,3549
22,맥도날드주례점,부산 사상구 가야대로 368-0,간이음식,3368
23,클래식캠퍼,부산 사상구 대동로 224-0,카페/찻집,3311
24,종가집돼지국밥학장점,부산 사상구 학감대로 141-0,한식,2589
25,카페바이버,부산 사상구 학감대로191번길 16-0,카페/찻집,2380
26,양산도집직영점,부산 사상구 낙동대로 799-34,전문음식,2375
27,도리원,부산 사상구 엄궁로 8-0,한식,2353
28,샤브향주례개금점,부산 사상구 가야대로 384-0,전문음식,2227
29,쿼피집,부산 사상구 사상로356번길 16-0,카페/찻집,2179
30,합천돼지국밥,부산 사상구 사상로309번길 7-0,한식,2174
31,이가네칼국수밀면,부산 사상구 광장로 27-0,한식,2165
32,맛찬들왕소금구이사상점,부산 사상구 광장로81번길 30-0,한식,2128
33,명륜진사갈비부산사상점,부산 사상구 사상로 233-0,한식,2111
34,롯데리아부산사상점,부산 사상구 사상로 211-0,간이음식,2105
35,텐퍼센트커피사상공구상가점,부산 사상구 광장로20번길 9-0,카페/찻집,1879
36,스타벅스사상역점,부산 사상구 사상로 211-0,카페/찻집,1825
37,투썸플레이스주례역점,부산 사상구 가야대로 300-0,카페/찻집,1790
38,미조리초밥,부산 사상구 광장로 60-0,외국식,1769
39,사상꼬리집,부산 사상구 사상로233번길 34-0,한식,1700
40,하동재첩국,부산 사상구 낙동대로1518번길 33-0,한식,1689
41,착한낙지사상직영점,부산 사상구 광장로 25-0,전문음식,1681
42,돈돈촌신모라점,부산 사상구 백양대로 887-26,한식,1629
43,경성코페사상점,부산 사상구 백양대로 659-0,카페/찻집,1589
44,샤브향부산모라점,부산 사상구 백양대로 987-0,전문음식,1571
45,할리스사상광장점,부산 사상구 광장로 22-0,카페/찻집,1566
46,수백당돼지국밥신모라점,부산 사상구 모라로 86-0,전문음식,1559
47,라벨스하이디엄궁갤러리점,부산 사상구 강변대로532번길 94-0,카페/찻집,1554
48,이바구국밥,부산 사상구 가야대로 355-0,한식,1553
49,투썸플레이스부산괘법점,부산 사상구 새벽로 220-0,카페/찻집,1464
50,77돌곱창,부산 사상구 괘감로 98-0,전문음식,1405
51,상해만두,부산 사상구 대동로 73-0,한식,1373
52,버거킹부산서부터미널점,부산 사상구 사상로 201-0,간이음식,1370
53,포키포키,부산 사상구 가야대로133번길 25-0,카페/찻집,1367
54,목구멍사상점,부산 사상구 사상로233번길 29-0,한식,1366
55,엔제리너스부산주례점,부산 사상구 주례로10번길 106-0,카페/찻집,1327
56,홍유단사상점 [중식],부산 사상구 사상로 204-0,외국식,1288
57,오복미역,부산 사상구 광장로 62-0,한식,1241
58,떡공방형제,부산 사상구 낙동대로1420번길 62-0,간이음식,1231
59,명지회센터,부산 사상구 사상로285번길 20-3,전문음식,1227
60,사상고엔,부산 사상구 광장로 88-0,외국식,1210
61,구덕민속촌,부산 사상구 학감대로39번안길 15-17,한식,1198
62,엔제리너스부산신모라점,부산 사상구 모라로 98-9,카페/찻집,1193
63,공린미방[중식],부산 사상구 백양대로 370-0,외국식,1156
64,카페반미콩부산주례점,부산 사상구 가야대로282번길 62-0,카페/찻집,1151
65,청기와샤브샤브,부산 사상구 학감대로39번안길 15-9,전문음식,1140
66,호포장어마을,부산 사상구 광장로 28-0,전문음식,1119
67,엄궁활어회센터,부산 사상구 낙동대로 759-17,전문음식,1110
68,KFC사상역점,부산 사상구 사상로 200-0,간이음식,1106
69,버거킹부산주례점,부산 사상구 가야대로 298-0,간이음식,1092
70,밀양돼지찌개,부산 사상구 광장로 20-0,한식,1083
70,흥해라흥라멘,부산 사상구 학감대로260번길 7-0,외국식,1083
72,명륜진사갈비부산엄궁점,부산 사상구 대동로 25-0,한식,1082
73,초량갈비,부산 사상구 사상로212번길 5-10,한식,1075
74,거상수육돼지국밥,부산 사상구 삼덕로 47-0,한식,1068
74,모닭불,부산 사상구 광장로37번길 33-0,한식,1068
76,무한사랑김치찌개,부산 사상구 광장로 34-0,한식,1058
77,도미노피자학장점,부산 사상구 학감대로 226-0,간이음식,1037
78,조방낙지주례직영점,부산 사상구 가야대로 337-0,전문음식,1017
79,아이비뷔페,부산 사상구 사상로 200-0,전문음식,1009
80,고집불통,부산 사상구 백양대로 463-0,한식,995
81,정원집,부산 사상구 낙동대로 784-10,한식,948
82,카페비타리카,부산 사상구 백양대로 567-0,카페/찻집,890
83,엄궁복국,부산 사상구 낙동대로 765-0,전문음식,877
84,해운대연가,부산 사상구 새벽로223번길 13-0,한식,848
85,삼락재첩국,부산 사상구 사상로233번길 10-0,한식,834
86,육일원조명태탕,부산 사상구 낙동대로916번길 25-0,한식,833
87,카페이띠,부산 사상구 주례로 46-0,카페/찻집,817
88,괘법쭈꾸미,부산 사상구 광장로81번길 33-0,전문음식,816
89,샤브향부산사상역점,부산 사상구 사상로202번길 16-0,전문음식,806
90,산동반점[중식],부산 사상구 광장로87번길 18-0,외국식,797
91,명성오리불고기,부산 사상구 낙동대로776번길 19-0,전문음식,785
92,곱테랑,부산 사상구 새벽로 218-0,전문음식,736
93,오늘도대박집엄궁점,부산 사상구 엄궁로 13-0,한식,711
94,천하왕소금구이,부산 사상구 백양대로 659-0,한식,700
95,내가대한의고기다사상본점,부산 사상구 학감대로 252-0,한식,663
96,동백꽃초밥,부산 사상구 사상로238번길 14-0,외국식,641
97,명륜진사갈비주례점,부산 사상구 가야대로 370-0,한식,636
98,청운횟집,부산 사상구 광장로81번길 28-0,전문음식,625
98,컴포즈커피모라벤처타워점,부산 사상구 모라로 22-0,카페/찻집,625
100,사랑방메기탕,부산 사상구 가야대로284번길 2-0,한식,605
1,영진돼지국밥본점,부산 사하구 하신번영로157번길 39-0,한식,19605
2,스타벅스을숙도강변DT점,부산 사하구 하신번영로 381-6,카페/찻집,13844
3,맥도날드부산하단DT점,부산 사하구 낙동대로 431-0,간이음식,11108
4,블랙업커피을숙도점,부산 사하구 낙동남로1233번길 30-0,카페/찻집,10929
5,카페만디,부산 사하구 오작로 104-7,카페/찻집,9275
6,스타벅스사하장림DT점,부산 사하구 을숙도대로 682-0,카페/찻집,4963
7,하기연진주냉면,부산 사하구 괴정로 34-0,한식,4784
7,맥도날드부산다대DT점,부산 사하구 다대로 532-1,간이음식,4784
9,이지요661,부산 사하구 다대로 661-0,카페/찻집,4727
10,복성반점[중식],부산 사하구 하신중앙로 289-0,외국식,4658
11,아웃백스테이크하우스부산하단점,부산 사하구 낙동남로 1403-0,전문음식,4343
12,동원장수촌,부산 사하구 동매로 117-0,전문음식,3660
13,다대포회초장센터,부산 사하구 다대동로 40-0,전문음식,3546
14,스타벅스다대포비치점,부산 사하구 다대로 714-0,카페/찻집,3448
15,대티물꽁,부산 사하구 낙동대로135번안길 15-0,한식,3342
16,버거킹부산신평DT점,부산 사하구 을숙도대로 564-0,간이음식,3296
17,꽃마름하단역점,부산 사하구 낙동남로 1427-0,전문음식,3278
18,푸주옥부산점,부산 사하구 사하로 133-0,한식,3124
19,할매복집,부산 사하구 다대로 12-0,전문음식,2942
20,식당3선당리점,부산 사하구 제석로 31-0,한식,2716
21,본가부산사하점,부산 사하구 하신번영로 401-0,한식,2681
22,스타벅스다대포DT점,부산 사하구 다대로 493-0,카페/찻집,2638
23,오사카[일식],부산 사하구 낙동대로324번길 2-0,외국식,2378
24,이티135,부산 사하구 다대로 95-0,카페/찻집,2349
25,투썸플레이스장림점,부산 사하구 장림로 222-0,카페/찻집,2318
26,청송집,부산 사하구 하신번영로 432-0,전문음식,2256
27,리에또,부산 사하구 다대낙조2길 85-0,전문음식,2194
28,해주냉면,부산 사하구 낙동대로324번길 5-0,한식,2183
29,쿠우쿠우부산괴정점,부산 사하구 사하로 200-0,전문음식,2160
30,노을365,부산 사하구 하신번영로261번길 10-0,카페/찻집,2041
31,할매집,부산 사하구 몰운대1길 55-0,한식,1893
32,스타벅스부산괴정역점,부산 사하구 사하로186번길 6-0,카페/찻집,1853
33,카페플랜트370,부산 사하구 신산로 94-0,카페/찻집,1838
34,엔제리너스부산당리점,부산 사하구 낙동대로 433-0,카페/찻집,1620
35,투썸플레이스부산다대포점,부산 사하구 다대로 708-0,카페/찻집,1598
36,버거킹구평DT점,부산 사하구 을숙도대로 767-0,간이음식,1586
37,맥도날드동아대점,부산 사하구 낙동대로 548-0,간이음식,1531
38,해풍코다리,부산 사하구 다송로84번길 50-0,한식,1471
39,투썸플레이스몰운대점,부산 사하구 다대로 655-0,카페/찻집,1430
40,롯데리아부산하단점,부산 사하구 낙동대로 457-0,간이음식,1417
41,밀양순대돼지국밥,부산 사하구 하신번영로 165-1,한식,1379
42,명가정,부산 사하구 감천로38번길 25-0,한식,1349
43,더도이종가집돼지국밥신평점,부산 사하구 비봉로 6-0,한식,1329
44,키친보리에,부산 사하구 다송로72번길 50-0,간이음식,1328
45,명륜진사갈비부산장림점,부산 사하구 장림로 234-0,한식,1281
46,해운대신대구탕,부산 사하구 낙동남로 1393-0,한식,1231
47,스타벅스하단중앙점,부산 사하구 낙동남로 1411-0,카페/찻집,1196
48,홍소,부산 사하구 하신번영로 157-0,전문음식,1137
49,교동면옥부산하단점,부산 사하구 낙동남로 1382-0,한식,1125
50,올타미스터스시하단점,부산 사하구 낙동남로1390번길 10-0,외국식,1108
51,명륜진사갈비부산괴정점,부산 사하구 낙동대로 256-0,한식,1097
52,다대336장작구이,부산 사하구 다송로84번길 138-0,한식,1090
53,하가람,부산 사하구 장림로 275-0,한식,1089
54,육간명가,부산 사하구 하신중앙로 270-0,한식,1079
55,산수갑산식당,부산 사하구 낙동대로450번길 8-0,한식,1064
56,늘솜,부산 사하구 낙동대로343번길 18-0,전문음식,1041
57,오두리할매셋째딸연탄쭈꾸미,부산 사하구 사리로8번길 2-0,전문음식,986
58,행복을짓는수향촌밥상,부산 사하구 다대로 592-0,한식,984
59,카페미슈,부산 사하구 다대낙조2길 85-0,카페/찻집,982
60,투썸플레이스다송로점,부산 사하구 다송로84번길 38-0,카페/찻집,964
61,뱅가,부산 사하구 몰운대2길 9-0,카페/찻집,946
62,1등숯불갈비,부산 사하구 사하로185번길 8-0,한식,936
63,오드이븐,부산 사하구 몰운대2길 1-0,카페/찻집,923
64,버드나무횟집,부산 사하구 몰운대2길 23-0,전문음식,906
64,목구멍하단점,부산 사하구 낙동대로450번길 12-0,한식,906
66,아리랑목살,부산 사하구 사하로 164-0,한식,903
67,누리마을감자탕앤등뼈찜,부산 사하구 낙동대로 477-0,한식,902
68,착한소사하다대점,부산 사하구 다대로381번길 60-0,한식,889
69,백두봉삼계탕,부산 사하구 다대로 714-1,한식,877
70,돈미담왕소금구이,부산 사하구 하신번영로 378-0,한식,857
71,88양곱창센타,부산 사하구 낙동남로1389번길 10-2,전문음식,841
72,길짜장[중식],부산 사하구 장림로 170-0,외국식,828
73,코지하우스다대포점,부산 사하구 다대로 712-0,전문음식,811
74,365꼬막정찬,부산 사하구 낙동대로 388-0,한식,808
75,서가앤쿡부산하단점,부산 사하구 낙동대로 491-0,전문음식,798
76,통뼈감자탕사하점,부산 사하구 장림번영로 65-0,한식,780
77,선미아구찜,부산 사하구 괴정로 25-1,한식,769
78,하이뽕장림본점 [중식],부산 사하구 장림로 228-0,외국식,742
79,고향한우,부산 사하구 괴정로 93-0,한식,737
80,코스모스분식,부산 사하구 암남공원로 527-0,간이음식,729
81,도미노피자하단점,부산 사하구 하신중앙로 333-0,간이음식,727
82,영성방[중식],부산 사하구 하신번영로201번길 36-0,외국식,720
83,KFC하단역점,부산 사하구 낙동남로 1403-0,간이음식,716
84,장방,부산 사하구 승학로10번길 2-0,한식,704
85,대가면옥,부산 사하구 하신중앙로22번길 35-0,한식,688
86,하단본가콩나물국밥,부산 사하구 낙동남로 1382-1,한식,676
87,모에뜨키친,부산 사하구 다대로 680-0,전문음식,671
88,샤브향괴정점,부산 사하구 사하로197번길 10-0,전문음식,665
89,옥미아구찜하단점,부산 사하구 승학로2번길 34-0,한식,644
90,남해달인횟집,부산 사하구 사리로 40-0,전문음식,642
91,대가야,부산 사하구 낙동남로 1346-0,한식,640
92,샤브향다대점,부산 사하구 다대로 718-0,전문음식,623
93,오늘김해뒷고기본점,부산 사하구 낙동대로519번길 25-0,한식,621
94,수림식당다대포점,부산 사하구 다송로72번길 50-0,외국식,617
95,복담가본점,부산 사하구 괴정로 220-0,전문음식,616
96,씨파크횟집,부산 사하구 다대동로 20-0,전문음식,613
97,다대포능이고을,부산 사하구 다대로 686-2,한식,608
98,한우목장,부산 사하구 하신번영로167번길 11-0,한식,603
99,가온밀면다대포점,부산 사하구 다송로68번길 22-0,한식,593
100,필렉스,부산 사하구 감천로 65-0,카페/찻집,590
1,EL16.52,부산 서구 암남공원로 177-0,카페/찻집,10137
2,옛날오막집,부산 서구 구덕로274번길 14-0,전문음식,6638
3,원조18번완당발국수,부산 서구 구덕로238번길 6-0,한식,6444
4,송도공원,부산 서구 암남공원로 75-0,한식,5976
5,몽실종가돼지국밥,부산 서구 까치고개로197번길 3-0,한식,3310
6,스타벅스부산송도해수욕장점,부산 서구 송도해변로 97-0,카페/찻집,3235
7,명품물회송도점,부산 서구 충무대로 130-0,전문음식,2766
8,영남냉면밀면부산동대신점,부산 서구 보수대로201번길 7-0,한식,2697
9,조새호부산송도직영점,부산 서구 송도해변로 10-0,전문음식,2587
10,산정,부산 서구 보수대로320번길 55-0,한식,2266
11,스타벅스부산동대신역점,부산 서구 구덕로322번길 7-0,카페/찻집,2090
12,송도1913,부산 서구 등대로 11-0,전문음식,2081
13,신창국밥,부산 서구 보수대로 53-0,한식,2034
14,디에이블송도점,부산 서구 충무대로34번길 47-0,전문음식,1920
15,사천해물탕,부산 서구 충무대로 12-0,한식,1837
15,TCC송도점,부산 서구 송도해변로 143-0,카페/찻집,1837
17,카페해인,부산 서구 암남로94번길 94-0,카페/찻집,1797
18,흑산도횟집,부산 서구 대영로85번길 20-0,전문음식,1462
19,송도속시원해대구탕,부산 서구 송도해변로 79-0,한식,1354
20,고주몽,부산 서구 구덕로148번길 43-1,한식,1347
21,투썸플레이스송도해수욕장점,부산 서구 송도해변로 117-0,카페/찻집,1295
22,청죽[일식],부산 서구 망양로 23-0,외국식,1262
23,송원식당,부산 서구 성산길 23-0,한식,1192
24,서대시장원조족발,부산 서구 대영로 43-2,전문음식,1183
25,북창동순두부부산송도점,부산 서구 송도해변로 97-0,한식,1115
25,송도제일밀면,부산 서구 충무대로 8-0,간이음식,1115
27,곤포횟집,부산 서구 송도해변로 9-0,전문음식,1071
28,송도키친,부산 서구 송도해변로 113-0,전문음식,1015
29,진선,부산 서구 암남공원로 46-0,외국식,981
30,스타벅스동아대병원점,부산 서구 동대로 8-0,카페/찻집,929
31,편의방만두,부산 서구 대신공원로 13-5,한식,876
32,동경초밥,부산 서구 구덕로321번길 21-0,외국식,840
32,도미노피자대신점,부산 서구 구덕로 303-1,간이음식,840
34,맛나기사식당,부산 서구 대영로74번길 58-0,한식,833
35,숙이네조개구이,부산 서구,전문음식,804
36,왕밀면냉면전문점,부산 서구 충무대로 122-1,한식,798
37,탐앤탐스부산송도해수욕장점,부산 서구 송도해변로 57-0,카페/찻집,748
38,문토스트송도점,부산 서구 송도해변로 55-0,간이음식,705
39,스타벅스부민사거리점,부산 서구 구덕로 212-0,카페/찻집,694
40,새우까는집,부산 서구 구덕로296번길 7-0,전문음식,686
41,태성하모횟집,부산 서구 송도해변로 149-0,전문음식,682
42,송도통큰조개,부산 서구 송도해변로 79-0,전문음식,632
43,금호복요리,부산 서구 충무대로177번길 7-0,전문음식,617
44,맘담은식당,부산 서구 구덕로 316-3,한식,613
45,개미집송도점,부산 서구 송도해변로 27-1,전문음식,610
46,지리산어탕,부산 서구 엄광산로 29-0,한식,558
47,디아펠리즈,부산 서구 암남공원로 39-0,카페/찻집,537
48,미성식당,부산 서구 충무대로 124-0,전문음식,530
49,두레마을식당,부산 서구 구덕로321번길 64-0,한식,527
50,부라보횟집,부산 서구 송도해변로 10-3,전문음식,520
51,채선당대신점,부산 서구 망양로33번길 3-0,전문음식,497
52,컵넛송도점,부산 서구 송도해변로 61-0,카페/찻집,480
53,빈스톡,부산 서구 암남공원로 56-0,카페/찻집,466
54,투썸플레이스부산서대신점,부산 서구 구덕로321번길 11-0,카페/찻집,457
55,박수식당,부산 서구 보수대로 248-1,한식,436
56,등대할매집,부산 서구 등대로 107-0,전문음식,431
57,해궁아구찜,부산 서구 구덕로285번길 14-0,전문음식,423
58,시골한방돼지국밥부산부민점,부산 서구 보수대로 87-0,한식,396
59,설빙부산송도점,부산 서구 송도해변로 93-0,카페/찻집,385
60,뉴거인통닭,부산 서구 구덕로193번길 25-0,간이음식,332
61,구름속의산책본점,부산 서구 송도해변로 131-0,전문음식,313
62,와와샤브대신점,부산 서구 대영로 54-0,전문음식,301
63,착한소대신점,부산 서구 구덕로 249-0,한식,299
64,조새호마카세,부산 서구 송도해변로 10-0,외국식,277
65,본아뜨리에드로잉카페,부산 서구 구덕로321번길 10-0,카페/찻집,273
65,롯데리아부산대신점,부산 서구 구덕로340번길 4-0,간이음식,273
67,짬뽕의신[중식],부산 서구 대청로6번길 30-0,외국식,268
68,인창서구그린빌노인요양원,부산 서구 대영로73번길 111-0,음식점기타,259
69,부산고등어빵,부산 서구 충무대로82번길 17-0,한식,256
70,송이삼,부산 서구 꽃마을로169번길 6-3,한식,254
71,동명횟집,부산 서구 송도해변로 59-0,전문음식,246
71,투썸플레이스고신대복음병원점,부산 서구 감천로 255-0,카페/찻집,246
73,예천집,부산 서구 엄광산로 23-0,한식,243
74,SUBWAY부산부민점,부산 서구 구덕로226번길 3-0,간이음식,240
75,우리횟집,부산 서구 송도해변로 159-0,전문음식,238
76,장군성숯불갈비,부산 서구 암남공원로 240-0,한식,234
76,삼영횟집,부산 서구 송도해변로 83-1,전문음식,234
78,이디야커피부산송도해상케이블카점,부산 서구 송도해변로 171-0,카페/찻집,232
79,배가왕송도점,부산 서구 암남공원로 1-0,한식,231
80,남포횟집,부산 서구 송도해변로 83-0,전문음식,230
81,스시로운,부산 서구 송도해변로 85-1,외국식,228
82,홍복,부산 서구 보수대로 254-1,한식,211
83,파리바게뜨부산송도점,부산 서구 충무대로 24-0,간이음식,208
84,아라회전초밥,부산 서구 구덕로345번길 7-0,외국식,203
85,송도얼큰이칼국수본점,부산 서구 송도해변로 79-0,한식,201
86,할리스부산송도점,부산 서구 송도해변로 61-1,카페/찻집,197
87,미진축산송도비치점,부산 서구 송도해변로 79-0,한식,192
87,이조숯불갈비이조정식,부산 서구 구덕로339번길 31-1,한식,192
87,달콤커피부산송도케이블카점,부산 서구 송도해변로 171-0,카페/찻집,192
90,아그집,부산 서구 충무대로 43-0,간이음식,189
91,이디야커피송도암남공원점,부산 서구 암남공원로 179-13,카페/찻집,188
92,전망대장어구이,부산 서구 등대로 111-0,전문음식,187
93,배스킨라빈스부산송도점,부산 서구 암남공원로 1-0,간이음식,185
94,대궁삼계탕,부산 서구 보수대로 101-0,한식,179
95,꽃동네집,부산 서구 엄광산로 5-0,한식,173
96,갈대집,부산 서구 구덕로340번길 5-7,한식,171
97,배스킨라빈스부산동대신점,부산 서구 구덕로 330-0,간이음식,167
98,노드피자,부산 서구 시약로 119-0,간이음식,166
99,백초밥,부산 서구 구덕로222번길 15-0,외국식,162
99,순애집,부산 서구 꽃마을로163번길 94-19,전문음식,162
1,수변최고돼지국밥민락본점,부산 수영구 광안해변로370번길 9-32,한식,38779
2,언양불고기부산집,부산 수영구 남천바다로 32-0,한식,18732
3,테라로사수영점,부산 수영구 구락로123번길 20-0,카페/찻집,18716
4,톤쇼우광안점,부산 수영구 광안해변로279번길 13-0,전문음식,14007
5,수영돼지국밥,부산 수영구 무학로 6-0,한식,10934
6,맥도날드부산수영SK DT점,부산 수영구 연수로 411-0,간이음식,10780
7,엄용백돼지국밥,부산 수영구 수영로680번길 39-0,한식,10316
8,오후의홍차,부산 수영구 민락수변로 243-0,간이음식,9661
9,씨랜드회센터,부산 수영구 광안해변로 299-0,전문음식,9514
10,맥도날드부산남천DT점,부산 수영구 수영로 470-0,간이음식,9465
11,할매재첩국부산본점,부산 수영구 광남로120번길 8-0,한식,9412
12,다리집본점,부산 수영구 남천바다로10번길 70-0,간이음식,9385
13,스타벅스수영망미DT점,부산 수영구 과정로 68-0,카페/찻집,9198
14,자매국밥,부산 수영구 민락본동로27번길 56-0,한식,8887
15,디에이블광안점,부산 수영구 민락수변로 29-0,외국식,8541
16,보성녹차,부산 수영구 수영로394번길 29-0,카페/찻집,8240
17,VIPS광안점,부산 수영구 광안해변로 11-0,전문음식,8122
18,아웃백스테이크하우스남천점,부산 수영구 광안해변로 9-0,전문음식,7872
19,커피스미스광안리점,부산 수영구 광안해변로255번길 5-0,카페/찻집,7655
20,닭발의지존,부산 수영구 연수로 374-0,전문음식,6986
21,숙성도광안점,부산 수영구 광안해변로 199-0,한식,6748
22,수정궁,부산 수영구 민락수변로 25-0,전문음식,6468
23,홍유단[중식],부산 수영구 민락수변로 29-0,외국식,6106
24,필소굿커피,부산 수영구 광안해변로 44-0,카페/찻집,5968
25,자갈치횟집,부산 수영구 수영로702번길 28-0,전문음식,5923
26,엘올리브,부산 수영구 좌수영로 129-1,외국식,5791
27,고옥,부산 수영구 광남로 6-0,외국식,5782
28,게스후레스토랑,부산 수영구 광안해변로 183-0,전문음식,5310
29,뉴러우멘관즈[중식],부산 수영구 수영로388번길 25-4,외국식,5200
30,국이네낙지볶음,부산 수영구 연수로 410-0,한식,5145
31,조마루감자탕수영점,부산 수영구 수영로 723-0,한식,4756
32,스타벅스광안리점,부산 수영구 광안해변로 247-0,카페/찻집,4663
33,진미언양불고기,부산 수영구 남천바다로33번길 7-0,한식,4619
34,영진돼지국밥코스트코센텀점,부산 수영구 구락로 86-0,한식,4617
35,하나돈까스남천점,부산 수영구 광남로 62-0,전문음식,4565
36,바로해장,부산 수영구 광남로94번길 2-0,한식,4488
37,초필살돼지구이광안직영점,부산 수영구 광남로108번길 9-0,한식,4352
38,마이페이보릿쿠키,부산 수영구 광남로 103-0,간이음식,4308
39,옵스남천점,부산 수영구 황령대로489번길 37-0,간이음식,4292
40,송원일식,부산 수영구 남천동로9번길 41-0,외국식,4029
41,광안다찌,부산 수영구 광안해변로344번길 17-20,전문음식,3918
42,신라횟집,부산 수영구 민락수변로7번길 16-0,전문음식,3828
43,알로이삥삥,부산 수영구 광안해변로344번길 17-17,외국식,3809
44,영남식육식당,부산 수영구 황령대로489번길 61-0,한식,3783
45,무궁화,부산 수영구 황령산로8번길 5-0,전문음식,3708
46,스타벅스광안비치점,부산 수영구 광안로62번길 39-0,카페/찻집,3683
47,비스포레,부산 수영구 민락수변로239번길 4-0,외국식,3654
48,개미집광안리본점,부산 수영구 광남로130번길 9-0,한식,3640
49,고마대구탕,부산 수영구 광안해변로 127-0,한식,3623
50,옥미아구찜망미본점,부산 수영구 망미번영로55번길 35-0,한식,3534
51,한다솥,부산 수영구 남천바다로33번길 101-0,한식,3527
52,장덕풍천산삼민물장어,부산 수영구 민락수변로 147-0,전문음식,3508
53,호박가게,부산 수영구 광남로48번길 21-0,한식,3422
54,원조언양불고기,부산 수영구 광남로84번길 16-0,한식,3297
55,갈삼구이,부산 수영구 민락수변로 7-0,전문음식,3216
55,커피스미스광안리게스후점,부산 수영구 광안해변로 183-0,카페/찻집,3216
57,로얄경양식&스테이크광안점,부산 수영구 민락수변로 29-0,전문음식,3210
58,광안리대교밀면,부산 수영구 광남로 239-0,한식,3106
59,배덕장코다리찜,부산 수영구 연수로 384-0,전문음식,3079
60,언양불고기부산집본가,부산 수영구 남천바다로33번길 8-0,한식,3058
61,조새호,부산 수영구 광안해변로 199-0,전문음식,3041
62,백수농원,부산 수영구 수영로680번길 45-0,한식,2980
63,티앤북스광안점,부산 수영구 민락수변로 29-0,카페/찻집,2954
64,까페젤라떼리아,부산 수영구 광안해변로344번길 17-3,카페/찻집,2899
65,스타벅스광안수변공원점,부산 수영구 민락수변로 29-0,카페/찻집,2872
66,리오네,부산 수영구 구락로 36-0,전문음식,2867
67,갓덴스시광안직영점,부산 수영구 광안해변로 175-0,외국식,2844
68,샤브남바완,부산 수영구 민락수변로 29-0,전문음식,2809
69,삼삼횟집본점,부산 수영구 광안해변로278번길 17-0,전문음식,2788
69,할리스부산광안리점,부산 수영구 광안해변로 175-0,카페/찻집,2788
71,하론테라스,부산 수영구 민락수변로 147-0,전문음식,2719
72,요이쿠마,부산 수영구 광안해변로307번길 20-0,외국식,2661
73,류센소광안직영점,부산 수영구 남천바다로33번길 27-0,전문음식,2631
74,은해,부산 수영구 광안해변로295번길 4-7,한식,2612
75,오복미역본점,부산 수영구 수영로388번길 41-0,한식,2589
76,반상[한식],부산 수영구 광안해변로 263-0,한식,2575
77,샤브막심광안점,부산 수영구 민락수변로 29-0,전문음식,2519
78,산해횟집,부산 수영구 광안해변로344번길 17-20,전문음식,2518
79,용이초밥,부산 수영구 광남로108번길 11-0,외국식,2447
80,우성삼계탕,부산 수영구 광서로10번길 68-0,한식,2383
81,차선책,부산 수영구 광안해변로 237-0,카페/찻집,2366
81,밀레니엄횟집,부산 수영구 민락수변로 103-0,전문음식,2366
83,청송양곱창,부산 수영구 남천동로108번길 8-0,전문음식,2322
84,랜디스도넛광안리점,부산 수영구 수영로510번길 58-0,간이음식,2309
85,동경밥상[일식],부산 수영구 남천바다로 34-6,외국식,2285
86,진양호횟집,부산 수영구 광안해변로344번길 17-20,전문음식,2265
87,뉴부산횟집,부산 수영구 광안해변로 31-5,전문음식,2236
88,홍순덕전포양곱창,부산 수영구 과정로16번길 23-0,전문음식,2192
89,이랴이랴광안점,부산 수영구 광안로 9-0,한식,2138
90,순쌀빵남천점,부산 수영구 광안해변로 122-0,간이음식,2123
91,제주은희네해장국부산수영점,부산 수영구 광안해변로344번길 17-5,한식,2108
92,칠성횟집,부산 수영구 광안해변로 263-0,전문음식,2079
93,마담에뽀끄,부산 수영구 광안해변로 239-0,전문음식,2062
94,까사부사노광안점,부산 수영구 광안해변로 179-0,카페/찻집,2023
95,다옴,부산 수영구 수영로464번길 9-0,한식,2020
96,황금어장,부산 수영구 광안해변로278번길 42-0,전문음식,1988
97,길수횟집,부산 수영구 민락수변로 103-0,전문음식,1883
98,샌디스,부산 수영구 남천바다로 38-1,카페/찻집,1882
99,연합횟집,부산 수영구 황령대로489번길 59-0,전문음식,1878
100,해저도시,부산 수영구 광안해변로 362-0,전문음식,1842
1,국제밀면본점,부산 연제구 중앙대로1235번길 23-6,한식,15021
2,외식1번가연제점,부산 연제구 월드컵대로 201-0,한식,14297
3,갓파스시연산점,부산 연제구 반송로 44-0,외국식,10066
4,청담[한식],부산 연제구 연안로 1-0,한식,10062
5,맥도날드부산교대SK DT점,부산 연제구 중앙대로 1179-0,간이음식,8197
6,맥도날드시청DT점,부산 연제구 중앙대로 1031-0,간이음식,7369
7,더파티시청점,부산 연제구 중앙대로 1000-0,전문음식,6209
8,구자윤과자점교대점,부산 연제구 세병로 29-0,간이음식,5230
9,스타벅스부산교대역DT점,부산 연제구 중앙대로 1250-0,카페/찻집,5170
10,수복돼지국밥,부산 연제구 고분로 41-1,한식,4396
11,할매칼국수,부산 연제구 과정로191번가길 70-0,한식,4001
12,오소리순대,부산 연제구 월드컵대로 162-0,한식,3542
13,스타벅스부산교대역점,부산 연제구 명륜로 3-0,카페/찻집,3484
14,한방장어구이사직거제점,부산 연제구 아시아드대로 8-0,전문음식,3481
15,버거킹부산연산RFS점,부산 연제구 중앙대로 1087-0,간이음식,3385
16,시골통돼지볶음전문점부산본점,부산 연제구 중앙대로1075번길 9-0,한식,3195
17,서울깍두기,부산 연제구 안연로 18-0,한식,3007
18,연산낙지해물탕,부산 연제구 과정로 121-0,전문음식,2842
19,더파티목화점,부산 연제구 중앙대로 1125-0,전문음식,2695
20,맥도날드토곡점,부산 연제구 과정로 226-0,간이음식,2595
21,토곡식육식당,부산 연제구 토곡로 7-0,한식,2505
22,누리마을감자탕연산토곡점,부산 연제구 연안로 15-0,한식,2412
23,취원[중식],부산 연제구 신촌로 38-0,외국식,2410
24,독도참가자미회,부산 연제구 거제천로154번길 13-0,전문음식,2396
25,스타벅스부산시청점,부산 연제구 중앙천로 93-0,카페/찻집,2343
26,채선당플러스연산점,부산 연제구 중앙대로 1125-0,전문음식,2326
26,스타벅스연산시티타워점,부산 연제구 중앙대로 1125-0,카페/찻집,2326
28,이흥용과자점사직점,부산 연제구 아시아드대로 90-0,간이음식,2265
29,호야 스시,부산 연제구 교대로22번길 51-0,외국식,2179
30,녹산횟집,부산 연제구 월드컵대로99번길 37-0,전문음식,2056
31,팔미초밥,부산 연제구 월드컵대로119번길 8-0,외국식,2047
32,마파람해물찜해물탕시청점,부산 연제구 거제천로 64-0,한식,1973
33,서울왕돈까스,부산 연제구 거제천로 205-0,전문음식,1939
34,아키야마초밥,부산 연제구 월드컵대로145번길 6-0,외국식,1933
35,국제밀면법조타운점,부산 연제구 법원남로9번길 22-1,한식,1914
36,구자윤과자점연산점,부산 연제구 쌍미천로156번길 1-0,간이음식,1883
37,투썸플레이스부산거제점,부산 연제구 아시아드대로 101-0,카페/찻집,1829
38,포항물회,부산 연제구 거제천로182번길 42-2,전문음식,1762
39,골든리지시청점,부산 연제구 신촌로 27-0,전문음식,1671
40,스타벅스연산중앙로점,부산 연제구 중앙대로 1091-0,카페/찻집,1664
41,그린피그숯불갈비,부산 연제구 고분로 3-0,한식,1653
42,투썸플레이스부산시청점,부산 연제구 시청로 6-0,카페/찻집,1568
43,도미노피자연산점,부산 연제구 중앙대로 1173-0,간이음식,1524
44,스타벅스부산연산역점,부산 연제구 반송로 20-0,카페/찻집,1523
45,정정,부산 연제구 온천천공원길 56-0,외국식,1456
46,등촌동샤브샤브부산본점,부산 연제구 과정로 216-0,전문음식,1441
47,스타벅스부산교대점,부산 연제구 교대로 20-2,카페/찻집,1438
48,로타리양곱창센타,부산 연제구 반송로 13-7,전문음식,1437
49,박가네,부산 연제구 교대로22번길 35-0,한식,1435
50,명륜진사갈비부산연산점,부산 연제구 월드컵대로 156-0,한식,1415
51,부잣집식당,부산 연제구 거제대로272번길 23-0,한식,1335
52,일공공샤브토곡점,부산 연제구 과정로 152-0,전문음식,1334
53,메이리[중식],부산 연제구 거제시장로 3-0,외국식,1274
54,더쉐프,부산 연제구 월드컵대로 344-0,전문음식,1241
55,스타벅스연산트레이더스점,부산 연제구 좌수영로 241-0,카페/찻집,1197
56,수제국수부산시청점,부산 연제구 중앙대로1043번길 40-0,한식,1149
57,정가네양곱창,부산 연제구 과정로 123-0,전문음식,1138
57,버거킹부산망미SK점,부산 연제구 과정로 120-0,간이음식,1138
59,다비다웨딩홀부페,부산 연제구 연수로 86-0,전문음식,1097
60,카페게더,부산 연제구 세병로 84-0,카페/찻집,1048
61,매운수제비,부산 연제구 중앙대로1133번길 13-0,한식,1010
62,맛나감자탕연제구청점,부산 연제구 양연로 3-0,한식,1009
63,목구멍부산연산직영점,부산 연제구 고분로13번길 70-0,한식,1006
64,크리스피크림도넛부산연산점,부산 연제구 반송로 32-0,간이음식,999
65,사이먼커피,부산 연제구 중앙대로1056번길 2-0,카페/찻집,985
66,용문각[중식],부산 연제구 거제천로 209-0,외국식,935
67,진송추어탕 시청점,부산 연제구 시청로 12-0,한식,934
68,장덕풍천산삼민물장어거제리직영점,부산 연제구 거제대로 94-0,전문음식,905
69,담[중식],부산 연제구 고분로 3-0,외국식,901
70,디저트시네마,부산 연제구 쌍미천로 32-1,카페/찻집,868
71,고등어다찌연산본점,부산 연제구 고분로31번길 42-0,전문음식,867
72,이영식옛날돈까스,부산 연제구 중앙대로1075번길 7-0,전문음식,851
73,수매풍생선구이식당,부산 연제구 월드컵대로188번길 39-0,한식,843
74,거북이동네부산연산직영점,부산 연제구 안연로 32-0,한식,830
75,연산숯불왕갈비,부산 연제구 월드컵대로120번길 18-0,한식,804
76,롯데리아부산물만골역점,부산 연제구 월드컵대로 12-0,간이음식,799
77,랑돼지,부산 연제구 쌍미천로155번길 33-0,한식,789
78,스시아이가,부산 연제구 진연로 30-15,외국식,788
79,본가아구찜,부산 연제구 고분로 47-1,한식,787
80,조선화로집온천천점,부산 연제구 반송로 89-0,한식,778
81,투썸플레이스부산연산점,부산 연제구 반송로 30-0,카페/찻집,775
82,해운대31cm해물칼국수연산점,부산 연제구 반송로 62-0,한식,773
83,이디야커피부산연제초교점,부산 연제구 중앙대로1075번길 8-0,카페/찻집,766
84,오복미역연산점 [한식],부산 연제구 월드컵대로145번길 19-0,한식,763
85,경주박가국밥,부산 연제구 고분로 232-0,한식,751
86,피자헛부산연산점,부산 연제구 중앙대로 1174-0,간이음식,747
87,마장동김씨연산시청점,부산 연제구 거제천로104번길 9-0,한식,737
88,도화,부산 연제구 고분로13번길 61-0,전문음식,736
89,정성순대,부산 연제구 중앙대로 1116-5,한식,730
90,고반식당연산점,부산 연제구 고분로13번길 81-0,한식,720
91,칠보락,부산 연제구 쌍미천로 175-10,외국식,711
92,보느파티쓰리,부산 연제구 교대로 7-0,간이음식,692
93,보배밥상[한식],부산 연제구 월드컵대로 179-0,한식,691
94,할매칼국수,부산 연제구 과정로225번길 15-0,한식,689
95,호야짬뽕1650부산시청본점 [중식],부산 연제구 거제대로118번길 51-0,외국식,685
96,토곡현대칼국수,부산 연제구 과정로132번길 9-0,한식,682
97,연일한우참숯구이,부산 연제구 고분로32번길 42-0,한식,680
98,쭈꾸미본색연산점,부산 연제구 중앙대로1150번길 26-0,전문음식,671
99,롯데리아부산연산점,부산 연제구 반송로 8-0,간이음식,667
100,도심속바다,부산 연제구 고분로13번길 78-0,전문음식,656
1,피아크카페앤베이커리,부산 영도구 해양로195번길 180-0,카페/찻집,50399
2,목장원,부산 영도구 절영로 355-0,한식,21972
3,모모스로스터리&커피바,부산 영도구 봉래나루로 160-0,카페/찻집,15633
4,카페38.5,부산 영도구 태종로 539-0,카페/찻집,13489
5,맥도날드부산영도DT점,부산 영도구 태종로 150-0,간이음식,13003
6,스타벅스영도청학DT점,부산 영도구 태종로 373-0,카페/찻집,9673
7,에테르,부산 영도구 절영로 234-0,카페/찻집,9648
8,오구카페,부산 영도구 남항서로 52-0,카페/찻집,8632
9,신기숲,부산 영도구 와치로 65-0,카페/찻집,8521
10,카페신기산업,부산 영도구 와치로51번길 2-0,카페/찻집,7951
11,제주복국,부산 영도구 절영로 481-0,전문음식,6525
12,도날드즉석떡볶이,부산 영도구 꿈나무길 267-0,간이음식,5615
13,백설대학,부산 영도구 웃서발로 72-0,간이음식,5456
14,태종대욜로조개구이,부산 영도구 감지길87번길 21-0,전문음식,5305
15,바릇식당영도점,부산 영도구 해양로247번길 35-0,전문음식,5238
16,재기돼지국밥,부산 영도구 절영로49번길 25-0,한식,4832
17,왔다식당,부산 영도구 하나길 811-0,한식,4281
18,스타벅스영도대교점,부산 영도구 태종로 39-0,카페/찻집,4053
19,그라치에,부산 영도구 청학동로 12-0,전문음식,3952
20,몽작,부산 영도구 남항서로 36-0,한식,3873
21,버거킹부산영도DT점,부산 영도구 태종로 173-0,간이음식,3483
22,무명일기,부산 영도구 봉래나루로 178-0,카페/찻집,3283
23,카페드220볼트,부산 영도구 하나길 807-0,카페/찻집,3139
24,얼큰이칼국수,부산 영도구 해양로 70-0,한식,2969
25,백세촌24시순대돼지국밥,부산 영도구 해양로65번길 8-0,한식,2691
26,에쎄떼,부산 영도구 대평북로 29-0,카페/찻집,2409
27,옥천횟집,부산 영도구 중리남로 2-21,전문음식,2199
28,흰여울비치,부산 영도구 절영로 236-0,카페/찻집,2171
29,현미해물천국,부산 영도구 절영로36번길 5-0,한식,2165
30,젬스톤,부산 영도구 대교로6번길 33-0,카페/찻집,2150
31,태종대짬뽕[중식],부산 영도구 태종로 825-0,외국식,2038
32,와글와글,부산 영도구 중리북로22번길 5-0,간이음식,2006
33,가마솥돼지국밥,부산 영도구 남항시장길 350-0,한식,1967
34,영도면옥,부산 영도구 해양로 70-0,한식,1931
35,화복반점[중식],부산 영도구 일산봉로39번길 14-0,외국식,1809
36,사랑방조개구이,부산 영도구 태종로 816-0,전문음식,1804
37,크리스탈제이드부산피아크점,부산 영도구 해양로195번길 180-0,외국식,1689
38,호박터숯불촌,부산 영도구 절영로 531-0,한식,1638
39,선인장식당,부산 영도구 와치로 15-0,전문음식,1636
40,빨간등대,부산 영도구 남항서로 40-0,전문음식,1544
41,손목서가,부산 영도구 흰여울길 307-0,카페/찻집,1381
42,목촌돼지국밥영도점,부산 영도구 태종로 692-5,한식,1362
43,동삼동불짬뽕[중식],부산 영도구 동삼남로 21-0,외국식,1351
44,토로,부산 영도구 태종로750번길 46-0,전문음식,1309
45,만소,부산 영도구 동삼로 56-0,한식,1236
46,해빙모먼트,부산 영도구 절영로 196-0,카페/찻집,1226
47,오채담,부산 영도구 절영로 355-0,전문음식,1224
48,동방밀면,부산 영도구 꿈나무길 239-0,한식,1217
49,영도우,부산 영도구 조내기로5번길 2-0,간이음식,1151
50,오유미당영도점,부산 영도구 태종로65번길 12-0,전문음식,1148
51,신기여울,부산 영도구 절영로 202-2,카페/찻집,1111
52,에르마나,부산 영도구 와치로 195-0,외국식,1074
53,영도솔밭농원,부산 영도구 와치로 318-0,한식,1039
54,북창동순두부,부산 영도구 동삼로28번길 15-0,한식,1025
55,암튼커피스탠드,부산 영도구 남항서로 40-0,카페/찻집,1019
56,또시아[중식],부산 영도구 절영로 6-0,외국식,1013
57,원조밀면,부산 영도구 중리로 12-0,한식,993
58,엘림오리고기집,부산 영도구 태종로384번길 5-0,전문음식,988
59,파스쿠찌부산태종대점,부산 영도구 태종로 794-0,카페/찻집,970
60,올리버다이너,부산 영도구 와치로27번길 19-0,전문음식,913
61,복성만두,부산 영도구 대평로34번길 5-8,한식,910
62,포항물회일번지,부산 영도구 절영로35번길 6-0,전문음식,902
63,모티브커피,부산 영도구 조내기로5번길 27-0,카페/찻집,893
64,산호횟집,부산 영도구 하리해안길 12-0,전문음식,853
65,날마다대박나는집,부산 영도구 동삼로 54-0,전문음식,846
66,스크랩부산,부산 영도구 해양로247번길 35-0,카페/찻집,836
67,청해수산,부산 영도구 태종로113번길 35-0,전문음식,831
68,컵넛,부산 영도구 절영로 222-0,카페/찻집,821
69,경기도기사님식당,부산 영도구 태종로 829-0,한식,808
70,청학동가야밀면청학점,부산 영도구 산업로 10-0,한식,768
71,경북밀면,부산 영도구 태종로105번길 13-0,한식,736
72,상생라멘,부산 영도구 와치로51번길 1-1,외국식,723
73,석화정,부산 영도구 동삼로42번길 16-11,한식,718
74,자매보리밥,부산 영도구 태종로73번길 25-0,한식,717
75,아델라베일리부산점,부산 영도구 태종로 45-0,외국식,681
76,영선불고기,부산 영도구 남항로49번길 42-0,한식,675
77,뚜레쥬르영도미라주,부산 영도구 동삼로 89-0,간이음식,666
78,어리목도새기촌,부산 영도구 절영로 485-0,한식,650
79,설빙영도점,부산 영도구 절영로 33-0,카페/찻집,641
80,초원복국,부산 영도구 태종로89번길 12-0,전문음식,617
81,맛나감자탕봉래점,부산 영도구 대교로6번길 33-0,한식,609
82,태종아리랑,부산 영도구 와치로 328-0,한식,597
83,일구향만두,부산 영도구 절영로49번길 24-0,외국식,596
84,안락다락방,부산 영도구 하나길 894-0,카페/찻집,575
84,더노벰버라운지부산영도점,부산 영도구 동삼오션로 30-0,카페/찻집,575
86,청동숯불갈비신관,부산 영도구 태종로 341-0,한식,559
87,림스치킨영도대교점,부산 영도구 태종로 96-0,간이음식,549
88,샤브향영도점,부산 영도구 동삼로 56-0,전문음식,546
89,함흥보쌈,부산 영도구 남항로 42-0,전문음식,541
90,다미복국영도본점,부산 영도구 남항로9번길 2-0,전문음식,534
91,고슬로우,부산 영도구 절영로 246-24,카페/찻집,518
92,명륜진사갈비부산영도점,부산 영도구 절영로 544-0,한식,511
93,큰집꼬리곰탕,부산 영도구 태종로 630-0,한식,510
94,미정식당,부산 영도구 태종로 298-0,한식,504
94,라발스스카이카페앤바라발스호텔점,부산 영도구 봉래나루로 82-0,카페/찻집,504
96,충북집누나야,부산 영도구 감지해변길 90-0,전문음식,498
97,아브라함커피랩,부산 영도구 와치로 195-0,카페/찻집,497
98,아르프,부산 영도구 태종로99번길 35-0,전문음식,491
99,영도김가네쑥밀면,부산 영도구 중리로 3-1,한식,470
100,롯데리아영도동삼점,부산 영도구 동삼로 25-0,간이음식,453
1,이재모피자,부산 중구 광복중앙로 31-0,간이음식,19261
2,본참치,부산 중구 해관로 73-0,전문음식,5810
3,백화양곱창,부산 중구 자갈치로23번길 6-0,전문음식,4455
4,노티스,부산 중구 대교로 135-0,카페/찻집,4185
5,원조부산족발,부산 중구 광복로 19-1,전문음식,4097
6,이가네떡볶이본점,부산 중구 부평1길 48-0,간이음식,3915
7,한우뭉치부산본점,부산 중구 보수대로 106-0,한식,3673
8,중앙모밀,부산 중구 중앙대로49번길 9-1,한식,3436
9,부산명물횟집,부산 중구 자갈치해안로 55-0,전문음식,3433
10,신동아회센터27호,부산 중구 자갈치로 42-0,전문음식,2733
11,아웃백스테이크하우스남포점,부산 중구 구덕로 54-1,전문음식,2686
12,할매가야밀면,부산 중구 광복로 56-14,한식,2464
13,개미집부산본점,부산 중구 중구로30번길 22-0,한식,2232
14,18번완당집,부산 중구 비프광장로 31-0,한식,2198
15,한양족발,부산 중구 광복로 13-0,전문음식,2109
16,대정양곱창본관,부산 중구 중구로23번길 31-0,전문음식,2048
17,뚱보집,부산 중구 중앙대로29번길 2-11,전문음식,1968
18,쿠우쿠우부산광복점,부산 중구 구덕로 40-0,전문음식,1926
19,무궁화,부산 중구 충장대로5번길 46-0,한식,1873
20,동화반점[중식],부산 중구 흑교로75번길 3-0,외국식,1787
21,성일집,부산 중구 대교로 103-0,전문음식,1764
22,물꽁식당,부산 중구 흑교로59번길 3-0,전문음식,1750
23,돌고래순두부,부산 중구 중구로40번길 17-0,한식,1670
24,거인통닭,부산 중구 중구로47번길 34-0,간이음식,1630
25,부평동족발골목,부산 중구 광복로 16-0,음식점기타,1625
26,옥생관[중식],부산 중구 대청로 66-0,외국식,1591
27,물레방아즉석구이,부산 중구 중앙대로41번길 11-1,한식,1537
28,부산숯불갈비,부산 중구 중구로48번길 9-0,한식,1519
29,양산집,부산 중구 중구로47번길 30-0,한식,1391
30,화국반점[중식],부산 중구 백산길 3-1,외국식,1280
31,백구당,부산 중구 중앙대로81번길 3-0,간이음식,1244
32,원산면옥,부산 중구 광복로 56-8,한식,1236
33,스타벅스국제시장점,부산 중구 대청로 80-0,카페/찻집,1166
34,한월식당,부산 중구 자갈치해안로 27-0,전문음식,1146
35,일미기사식당,부산 중구 흑교로 10-1,한식,1112
36,그집곱도리탕본점,부산 중구 충장대로5번길 56-2,한식,1098
37,홍유단남포본점 [중식],부산 중구 구덕로34번길 5-0,외국식,1050
38,롯데쇼핑롯데시네마대영,부산 중구 비프광장로 37-0,한식,1037
39,서울깍두기,부산 중구 구덕로34번길 10-0,한식,1036
40,롯데리아부산비프광장점,부산 중구 구덕로 58-1,간이음식,1035
41,상짱,부산 중구 해관로 59-1,외국식,996
42,산복도로370,부산 중구 망양로 370-0,카페/찻집,990
43,삼송초밥,부산 중구 광복로55번길 13-0,외국식,987
44,돌쇠장작구이,부산 중구 중앙대로 45-21,한식,986
45,깡돼후,부산 중구 부평1길 57-0,간이음식,970
46,김해식당,부산 중구 자갈치로 51-2,한식,956
47,스타벅스부산중앙역점,부산 중구 중앙대로81번길 2-0,카페/찻집,932
48,제일산꼼장어,부산 중구 자갈치해안로 65-0,전문음식,923
49,큰집,부산 중구 중구로24번길 19-0,한식,870
50,석기시대본점,부산 중구 동광길 75-1,한식,869
51,홍소족발남포점,부산 중구 광복로 21-2,전문음식,830
52,연경재,부산 중구 중앙대로29번길 6-0,카페/찻집,827
53,굿올데이즈,부산 중구 중앙대로41번길 5-0,카페/찻집,777
54,공순대,부산 중구 중구로29번길 18-5,한식,766
55,영도다리횟집,부산 중구 자갈치해안로 73-2,전문음식,755
56,산해갈비,부산 중구 중구로48번길 11-0,한식,734
57,스톤스트리트,부산 중구 광복중앙로24번길 9-0,전문음식,726
58,스타벅스BIFF광장점,부산 중구 비프광장로 25-0,카페/찻집,716
59,스타벅스남포동역점,부산 중구 구덕로 4-0,카페/찻집,701
60,모리쵸광복점,부산 중구 광복중앙로 34-0,외국식,691
61,옥성반점[중식],부산 중구 보수북길 14-0,외국식,661
62,새진주식당[한식],부산 중구 흑교로 60-0,한식,658
63,미친막창본점,부산 중구 흑교로35번길 5-0,전문음식,613
64,투썸플레이스부산남포점,부산 중구 구덕로 40-0,카페/찻집,590
65,원조바다집,부산 중구 광복로43번길 18-5,전문음식,574
66,뽕사시미,부산 중구 충장대로5번길 56-0,전문음식,542
67,스타벅스자갈치역점,부산 중구 구덕로 54-1,카페/찻집,516
68,세정,부산 중구 중구로33번길 45-0,전문음식,501
69,수복센타,부산 중구 남포길 25-3,한식,494
70,부평양곱창,부산 중구 부평2길 17-0,전문음식,492
71,오복미역남포직영점,부산 중구 구덕로34번길 4-0,한식,471
72,고래1번지,부산 중구 자갈치로 58-0,전문음식,469
73,푸줏간,부산 중구 대청로138번길 7-1,한식,458
74,하늘어장[일식],부산 중구 구덕로 40-0,외국식,440
75,섬진강재첩국,부산 중구 보수대로 58-0,한식,439
76,뚜레쥬르부산중앙대로점,부산 중구 중앙대로 145-0,간이음식,432
77,맛찬들왕소금구이부산부평점,부산 중구 광복로 3-0,한식,428
78,이비가짬뽕부산중앙점 [중식],부산 중구 중앙대로 148-0,외국식,401
79,투썸플레이스부산크라운하버호텔점,부산 중구 중앙대로 114-0,카페/찻집,398
80,스타벅스부산광복로R점,부산 중구 광복중앙로 8-2,카페/찻집,394
81,이승학돈까스본점,부산 중구 광복로49번길 2-0,전문음식,382
82,명송,부산 중구 해관로 32-0,외국식,379
83,어촌,부산 중구 충장대로5번길 52-0,전문음식,378
84,금포나루,부산 중구 광복로97번안길 11-0,한식,359
85,대성밀냉면전문,부산 중구 보수대로44번길 6-0,한식,356
86,광복경양식남포본점,부산 중구 광복중앙로 9-0,전문음식,352
87,라이프버거,부산 중구 중앙대로49번길 7-0,간이음식,348
88,비엔씨제과와이즈파크점,부산 중구 광복로39번길 6-0,간이음식,346
89,중앙식당,부산 중구 해관로 20-3,한식,338
90,피자헛부산보수점,부산 중구 대청로 27-0,간이음식,337
91,겐짱카레본점,부산 중구 대청로135번길 26-0,전문음식,332
92,영빈관[한식],부산 중구 광복로97번길 17-0,한식,330
93,쿠오리노,부산 중구 대청로126번길 35-0,카페/찻집,325
94,구포집,부산 중구 보수대로36번길 14-1,한식,318
95,부광돼지국밥,부산 중구 대청로141번길 15-1,한식,314
96,파리바게뜨부산중앙역점,부산 중구 충장대로5번길 12-1,간이음식,287
97,파리바게뜨부산남포점,부산 중구 구덕로 38-0,간이음식,285
98,산수갑산,부산 중구 중구로24번길 21-0,한식,284
99,밀양순대돼지국밥,부산 중구 광복로 6-0,한식,283
100,대궁한정식[한식],부산 중구 태종로 14-1,한식,280
1,해운대암소갈비집,부산 해운대구 중동2로10번길 32-10,한식,49045
2,금수복국해운대본점,부산 해운대구 중동1로43번길 23-0,전문음식,33878
3,식당3선센텀1관,부산 해운대구 해운대로 230-0,한식,26750
4,해운대가야밀면,부산 해운대구 좌동순환로 27-0,한식,24419
5,더파티센텀점,부산 해운대구 센텀중앙로 79-0,전문음식,24009
6,그랜드애플,부산 해운대구 센텀1로 25-0,전문음식,21535
7,기와집대구탕,부산 해운대구 달맞이길104번길 46-0,한식,19751
8,해목[일식],부산 해운대구 구남로24번길 8-0,외국식,18236
9,스타벅스해운대달맞이DT점,부산 해운대구 달맞이길 57-0,카페/찻집,17044
10,풍원장꼬막정찬마린시티점,부산 해운대구 마린시티2로 38-0,한식,15269
11,호랑이젤라떡,부산 해운대구 달맞이길62번길 38-0,카페/찻집,14429
12,어밤부,부산 해운대구 송정광어골로 87-0,외국식,14079
13,문토스트,부산 해운대구 송정해변로 16-0,간이음식,14039
14,스타벅스부산재송DT점,부산 해운대구 해운대로 189-0,카페/찻집,13733
15,수민이네,부산 해운대구 청사포로58번길 118-0,전문음식,13612
16,더파티해운대프리미엄점,부산 해운대구 해운대해변로298번길 24-0,전문음식,12928
17,맥도날드부산송정DT점,부산 해운대구 해운대로 1114-0,간이음식,12893
18,풍원장미역국정찬마린시티점,부산 해운대구 마린시티3로 51-0,한식,11510
19,거대갈비본관,부산 해운대구 달맞이길 22-0,한식,10838
20,다솥맛집,부산 해운대구 송정광어골로 29-0,한식,10429
21,맥도날드해운대DT점,부산 해운대구 해운대로570번길 51-0,간이음식,10319
22,거대곰탕,부산 해운대구 해운대해변로 163-0,한식,10285
23,속씨원한대구탕미포본점,부산 해운대구 달맞이길62번길 28-0,한식,10120
24,맥도날드달맞이DT점,부산 해운대구 좌동순환로 455-0,간이음식,9614
25,양산국밥해운대본점,부산 해운대구 좌동로10번길 75-0,한식,9441
26,젬스톤송정점,부산 해운대구 송정구덕포길 100-0,카페/찻집,8910
27,비비비당,부산 해운대구 달맞이길 239-16,카페/찻집,8881
28,밀양순대돼지국밥,부산 해운대구 구남로 28-0,한식,8696
29,스타벅스수영강변DT점,부산 해운대구 수영강변대로 516-0,카페/찻집,8691
30,나가하마만게츠[일식],부산 해운대구 우동1로 57-0,외국식,8611
31,스타벅스부산송정비치점,부산 해운대구 송정해변로 36-0,카페/찻집,8609
32,거대갈비신관,부산 해운대구 좌동순환로 459-0,한식,8474
33,외식1번가해운대점,부산 해운대구 해운대로 425-0,한식,8472
34,오발탄부산해운대점,부산 해운대구 해운대로570번길 10-0,전문음식,8236
35,양산왕돼지국밥,부산 해운대구 재반로 70-0,한식,8083
36,올드머그,부산 해운대구 송정구덕포길 122-0,카페/찻집,7834
37,스시미르네본점,부산 해운대구 세실로 75-0,외국식,7800
38,이레옥부산점,부산 해운대구 마린시티3로 51-0,한식,7692
39,미포집,부산 해운대구 달맞이길62번길 3-0,전문음식,7618
40,상국이네,부산 해운대구 구남로41번길 40-1,간이음식,7584
41,미포끝집,부산 해운대구 달맞이길62번길 77-0,전문음식,7275
42,카페노티드부산해운대,부산 해운대구 구남로 17-0,카페/찻집,7184
43,수월경화,부산 해운대구 송정중앙로6번길 188-0,카페/찻집,7127
44,오복돼지국밥해운대역점,부산 해운대구 구남로 15-0,한식,7008
45,다나휴스,부산 해운대구 달맞이길117번가길 120-12,카페/찻집,6759
46,스타벅스해운대달맞이점,부산 해운대구 달맞이길 189-0,카페/찻집,6750
47,빨간떡볶이,부산 해운대구 우동1로20번가길 4-0,간이음식,6687
48,낙지볶음개미집국제시장본점직영,부산 해운대구 구남로 34-0,전문음식,6676
49,풍원장고기정찬달맞이점,부산 해운대구 달맞이길117번가길 175-0,한식,6493
50,스노잉클라우드,부산 해운대구 달맞이길117번가길 120-30,카페/찻집,6466
51,제주은희네해장국부산본점,부산 해운대구 대천로42번길 8-0,한식,6408
52,옵스해운대점,부산 해운대구 중동1로 31-0,간이음식,6404
53,해운대밀면,부산 해운대구 중동2로10번길 21-0,한식,6331
54,배비장보쌈해운대점,부산 해운대구 해운대로483번길 1-1,전문음식,6290
55,딤타오,부산 해운대구 우동1로 25-0,외국식,6287
56,동백섬횟집,부산 해운대구 해운대해변로209번나길 17-0,전문음식,6226
57,속씨원한대구탕해운대점,부산 해운대구 해운대로570번길 11-0,한식,6146
57,젬스톤B,부산 해운대구 송정구덕포길 100-0,카페/찻집,6146
59,솔내음한정식[한식],부산 해운대구 달맞이길117번길 17-11,한식,5950
60,긴자해운대마린시티점,부산 해운대구 마린시티2로 38-0,외국식,5894
61,오막집,부산 해운대구 해운대해변로209번나길 28-0,전문음식,5860
62,낙불집,부산 해운대구 송정광어골로 67-0,전문음식,5823
63,영남돼지,부산 해운대구 해운대해변로209번가길 13-0,한식,5791
64,오복미역송정점,부산 해운대구 해운대로 1107-0,한식,5732
65,스무고개,부산 해운대구 좌동순환로468번가길 81-0,한식,5699
66,부우사안[중식],부산 해운대구 해운대해변로209번나길 16-0,외국식,5640
67,류센소본점,부산 해운대구 구남로8번길 62-0,외국식,5605
68,마리나블루키친,부산 해운대구 해운대해변로 154-0,전문음식,5604
69,개미집신도시점,부산 해운대구 좌동로10번길 51-5,전문음식,5589
70,수변최고돼지국밥송정직영점,부산 해운대구 송정중앙로9번길 8-0,한식,5582
71,흑송[일식],부산 해운대구 송정광어골로 73-0,외국식,5560
72,대도식당해운대점,부산 해운대구 동백로 52-0,한식,5410
73,샤브막심송정본점,부산 해운대구 송정구덕포길 104-0,전문음식,5393
74,할리스부산송정점,부산 해운대구 송정광어골로 77-0,카페/찻집,5392
75,사마정,부산 해운대구 마린시티3로 46-0,전문음식,5343
76,아웃백스테이크하우스해운대점,부산 해운대구 해운대해변로 287-0,전문음식,5234
77,수변최고돼지국밥센텀점,부산 해운대구 센텀3로 26-0,한식,5152
78,해성막창집본점,부산 해운대구 중동1로19번길 29-0,전문음식,5072
79,예이제[한식],부산 해운대구 해운대해변로298번길 29-0,한식,5024
80,버거킹부산센텀오일뱅크점,부산 해운대구 해운대로 179-0,간이음식,4957
81,랑데자뷰해운대점,부산 해운대구 달맞이길62번길 23-0,카페/찻집,4934
82,송정집1호점,부산 해운대구 송정광어골로 59-0,한식,4806
83,사비아,부산 해운대구 달맞이길117번라길 100-0,전문음식,4727
84,속시원한대구탕,부산 해운대구 달맞이길 229-0,한식,4726
85,디에이블달맞이점,부산 해운대구 달맞이길 129-0,전문음식,4722
86,맛찬들왕소금구이해운대직영점,부산 해운대구 해운대로608번길 46-0,한식,4618
87,라이프커피&티,부산 해운대구 달맞이길65번길 167-0,카페/찻집,4591
88,선창횟집,부산 해운대구 달맞이길62번길 67-0,전문음식,4502
89,생어거스틴일루아호텔점,부산 해운대구 달맞이길 97-0,외국식,4474
90,안녕한우센텀점,부산 해운대구 해운대로 222-0,한식,4471
91,상무초밥해운대센텀점,부산 해운대구 센텀5로 41-0,외국식,4417
92,랩24바이쿠무다,부산 해운대구 송정광어골로 41-0,외국식,4414
93,샤브야,부산 해운대구 달맞이길 193-0,전문음식,4371
94,소옥부산송정점,부산 해운대구 송정구덕포길 134-0,한식,4358
95,구덕포끝집고기,부산 해운대구 송정구덕포길 178-0,한식,4346
96,료미,부산 해운대구 송정광어골로 89-0,외국식,4341
97,오페라레스토랑,부산 해운대구 달맞이길117번길 29-0,전문음식,4327
98,일광수산횟집,부산 해운대구 해운대로570번길 12-0,전문음식,4262
99,키치니토송정점,부산 해운대구 송정중앙로5번길 98-0,전문음식,4174
100,탐앤탐스블랙달맞이점,부산 해운대구 달맞이길 213-0,카페/찻집,4171